report_id,pair_id,report_type,report_text,activity,hazard,hazardous_substance,exposure,energy_source,equipment,human_factor,environmental_factor,barrier,barrier_failure,potential_consequence,sif_potential,sif_reason
REP-SIF-cb6312fe,pair_0001,near_miss,"During pressurized system maintenance on centrifugal pump, flange opened on pressurized line without zero-pressure verification.",pressurized system maintenance,pressure release,hydrocarbons / flammable gas,worker exposed to hazardous pressure release,pressurized fluid / gas energy,centrifugal pump,inappropriate positioning / procedure non-compliance,unknown,pressure isolation / depressurization,pressure isolation or zero-energy verification not confirmed,severe / fatal pressure release & impact injury,1,flange opened on pressurized line without zero-pressure verification
REP-SAFE-15f8a087,pair_0001,near_miss,"During pressurized system maintenance on centrifugal pump, pressure isolation & depressurization verified was in place. zero residual pressure confirmed before opening line.",pressurized system maintenance,pressure release,hydrocarbons / flammable gas,zero residual pressure confirmed before opening line,pressurized fluid / gas energy,centrifugal pump,procedure compliance,unknown,pressure isolation & depressurization verified,none,no consequence / controlled operation,0,Safe operation: pressure isolation & depressurization verified
REP-SIF-dc6cb052,pair_0002,near_miss,"During work at height on scaffold / elevated platform / ladder, work at 8m height on elevated platform without harness 100% tie-off.",work at height,fall from height,unknown,worker exposed to unprotected fall hazard,potential kinetic / gravitational energy,scaffold / elevated platform / ladder,inappropriate positioning / procedure non-compliance,elevated work location,fall protection system,fall protection missing or not used,fatal fall from elevation,1,work at 8m height on elevated platform without harness 100% tie-off
REP-SAFE-61757373,pair_0002,safety_observation,"During work at height on scaffold / elevated platform / ladder, 100% harness tie-off & lifeline system was in place. worker fully secured with dual-leg shock-absorbing lanyards.",work at height,fall from height,unknown,worker fully secured with dual-leg shock-absorbing lanyards,potential kinetic / gravitational energy,scaffold / elevated platform / ladder,procedure compliance,elevated work location,100% harness tie-off & lifeline system,none,no consequence / controlled operation,0,Safe operation: 100% harness tie-off & lifeline system
REP-SIF-da8cfbb5,pair_0003,unsafe_act,"During pressurized system maintenance on centrifugal pump, flange opened on pressurized line without zero-pressure verification.",pressurized system maintenance,pressure release,hydrocarbons / flammable gas,worker exposed to hazardous pressure release,pressurized fluid / gas energy,centrifugal pump,inappropriate positioning / procedure non-compliance,unknown,pressure isolation / depressurization,pressure isolation or zero-energy verification not confirmed,severe / fatal pressure release & impact injury,1,flange opened on pressurized line without zero-pressure verification
REP-SAFE-aebbab1c,pair_0003,safety_observation,"During pressurized system maintenance on centrifugal pump, pressure isolation & depressurization verified was in place. zero residual pressure confirmed before opening line.",pressurized system maintenance,pressure release,hydrocarbons / flammable gas,zero residual pressure confirmed before opening line,pressurized fluid / gas energy,centrifugal pump,procedure compliance,unknown,pressure isolation & depressurization verified,none,no consequence / controlled operation,0,Safe operation: pressure isolation & depressurization verified
REP-SIF-6a0878d9,pair_0004,near_miss,"During hot work on vessel / container / process line, welding near hydrocarbon lines without required gas test or valid hot work permit.",hot work,fire / explosion / flammable atmosphere,hydrocarbons / flammable gas,worker exposed to flammable vapor ignition,chemical / toxic gas energy,vessel / container / process line,inappropriate positioning / procedure non-compliance,unknown,gas testing,required gas testing missing or not completed,fatal burns / blast trauma,1,welding near hydrocarbon lines without required gas test or valid hot work permit
REP-SAFE-4f690ef6,pair_0004,safety_observation,"During hot work on vessel / container / process line, continuous LEL monitoring & hot work permit was in place. continuous LEL reading 0.0% verified before torch ignition.",hot work,fire / explosion / flammable atmosphere,hydrocarbons / flammable gas,continuous LEL reading 0.0% verified before torch ignition,chemical / toxic gas energy,vessel / container / process line,procedure compliance,unknown,continuous LEL monitoring & hot work permit,none,no consequence / controlled operation,0,Safe operation: continuous LEL monitoring & hot work permit
REP-SIF-beb3c1f4,pair_0005,near_miss,"During pressurized system maintenance on centrifugal pump, flange opened on pressurized line without zero-pressure verification.",pressurized system maintenance,pressure release,hydrocarbons / flammable gas,worker exposed to hazardous pressure release,pressurized fluid / gas energy,centrifugal pump,inappropriate positioning / procedure non-compliance,unknown,pressure isolation / depressurization,pressure isolation or zero-energy verification not confirmed,severe / fatal pressure release & impact injury,1,flange opened on pressurized line without zero-pressure verification
REP-SAFE-2072cc7a,pair_0005,safety_observation,"During pressurized system maintenance on centrifugal pump, pressure isolation & depressurization verified was in place. zero residual pressure confirmed before opening line.",pressurized system maintenance,pressure release,hydrocarbons / flammable gas,zero residual pressure confirmed before opening line,pressurized fluid / gas energy,centrifugal pump,procedure compliance,unknown,pressure isolation & depressurization verified,none,no consequence / controlled operation,0,Safe operation: pressure isolation & depressurization verified
REP-SIF-b50eadae,pair_0006,unsafe_act,"During vehicle / pedestrian interaction on heavy transport truck, pedestrians allowed to enter un-barricaded vehicle operating zone.",vehicle / pedestrian interaction,vehicle-pedestrian interaction / struck-by,unknown,pedestrian exposed to moving vehicle,vehicle kinetic energy,heavy transport truck,inappropriate positioning / procedure non-compliance,unknown,exclusion zone / barricading,exclusion zone or barricading missing/breached,fatal struck-by / crush injury,1,pedestrians allowed to enter un-barricaded vehicle operating zone
REP-SAFE-f5794b05,pair_0006,safety_observation,"During vehicle / pedestrian interaction on heavy transport truck, physical pedestrian walkways & spotter was in place. designated pedestrian walkways separated by steel crash barriers.",vehicle / pedestrian interaction,vehicle-pedestrian interaction / struck-by,unknown,designated pedestrian walkways separated by steel crash barriers,vehicle kinetic energy,heavy transport truck,procedure compliance,unknown,physical pedestrian walkways & spotter,none,no consequence / controlled operation,0,Safe operation: physical pedestrian walkways & spotter
REP-SIF-000f6f79,pair_0007,near_miss,"During vehicle / pedestrian interaction on heavy transport truck, pedestrians allowed to enter un-barricaded vehicle operating zone.",vehicle / pedestrian interaction,vehicle-pedestrian interaction / struck-by,unknown,pedestrian exposed to moving vehicle,vehicle kinetic energy,heavy transport truck,inappropriate positioning / procedure non-compliance,unknown,exclusion zone / barricading,exclusion zone or barricading missing/breached,fatal struck-by / crush injury,1,pedestrians allowed to enter un-barricaded vehicle operating zone
REP-SAFE-97bc6b90,pair_0007,near_miss,"During vehicle / pedestrian interaction on heavy transport truck, physical pedestrian walkways & spotter was in place. designated pedestrian walkways separated by steel crash barriers.",vehicle / pedestrian interaction,vehicle-pedestrian interaction / struck-by,unknown,designated pedestrian walkways separated by steel crash barriers,vehicle kinetic energy,heavy transport truck,procedure compliance,unknown,physical pedestrian walkways & spotter,none,no consequence / controlled operation,0,Safe operation: physical pedestrian walkways & spotter
REP-SIF-febc3a29,pair_0008,incident,"During work at height on scaffold / elevated platform / ladder, work at 8m height on elevated platform without harness 100% tie-off.",work at height,fall from height,unknown,worker exposed to unprotected fall hazard,potential kinetic / gravitational energy,scaffold / elevated platform / ladder,inappropriate positioning / procedure non-compliance,elevated work location,fall protection system,fall protection missing or not used,fatal fall from elevation,1,work at 8m height on elevated platform without harness 100% tie-off
REP-SAFE-93d27655,pair_0008,near_miss,"During work at height on scaffold / elevated platform / ladder, 100% harness tie-off & lifeline system was in place. worker fully secured with dual-leg shock-absorbing lanyards.",work at height,fall from height,unknown,worker fully secured with dual-leg shock-absorbing lanyards,potential kinetic / gravitational energy,scaffold / elevated platform / ladder,procedure compliance,elevated work location,100% harness tie-off & lifeline system,none,no consequence / controlled operation,0,Safe operation: 100% harness tie-off & lifeline system
REP-SIF-52a7e388,pair_0009,near_miss,"During pressurized system maintenance on centrifugal pump, centrifugal pump maintenance started without LOTO or electrical isolation.",pressurized system maintenance,pressure release / energy isolation,unknown,worker exposed to energized machinery / unverified LOTO,electrical energy,centrifugal pump,inappropriate positioning / procedure non-compliance,unknown,energy isolation (LOTO),"energy isolation bypassed, missing, or not verified",severe / fatal electrical shock or caught-in injury,1,centrifugal pump maintenance started without LOTO or electrical isolation
REP-SAFE-9a3cac1e,pair_0009,near_miss,"During pressurized system maintenance on centrifugal pump, energy isolation (LOTO) & breaker locked out was in place. equipment isolated and LOTO verified before maintenance.",pressurized system maintenance,pressure release / energy isolation,unknown,equipment isolated and LOTO verified before maintenance,electrical energy,centrifugal pump,procedure compliance,unknown,energy isolation (LOTO) & breaker locked out,none,no consequence / controlled operation,0,Safe operation: energy isolation (LOTO) & breaker locked out
REP-SIF-246fb468,pair_0010,incident,"During lifting operation on crane / lifting equipment, workers standing under suspended crane load without barricaded drop zone.",lifting operation,suspended load / struck-by,unknown,worker in line of fire under suspended load,potential kinetic / gravitational energy,crane / lifting equipment,inappropriate positioning / procedure non-compliance,unknown,exclusion zone / barricading,exclusion zone or barricading missing/breached,fatal crush / severe blunt force trauma,1,workers standing under suspended crane load without barricaded drop zone
REP-SAFE-3ccee7ff,pair_0010,safety_observation,"During lifting operation on crane / lifting equipment, barricaded exclusion zone & tag lines used was in place. workers stationed outside drop radius using tag lines.",lifting operation,suspended load / struck-by,unknown,workers stationed outside drop radius using tag lines,potential kinetic / gravitational energy,crane / lifting equipment,procedure compliance,unknown,barricaded exclusion zone & tag lines used,none,no consequence / controlled operation,0,Safe operation: barricaded exclusion zone & tag lines used
REP-SIF-4f42a7a4,pair_0011,incident,"During work at height on scaffold / elevated platform / ladder, work at 8m height on elevated platform without harness 100% tie-off.",work at height,fall from height,unknown,worker exposed to unprotected fall hazard,potential kinetic / gravitational energy,scaffold / elevated platform / ladder,inappropriate positioning / procedure non-compliance,elevated work location,fall protection system,fall protection missing or not used,fatal fall from elevation,1,work at 8m height on elevated platform without harness 100% tie-off
REP-SAFE-9fb64a6f,pair_0011,safety_observation,"During work at height on scaffold / elevated platform / ladder, 100% harness tie-off & lifeline system was in place. worker fully secured with dual-leg shock-absorbing lanyards.",work at height,fall from height,unknown,worker fully secured with dual-leg shock-absorbing lanyards,potential kinetic / gravitational energy,scaffold / elevated platform / ladder,procedure compliance,elevated work location,100% harness tie-off & lifeline system,none,no consequence / controlled operation,0,Safe operation: 100% harness tie-off & lifeline system
REP-SIF-4bcfb071,pair_0012,incident,"During pressurized system maintenance on centrifugal pump, flange opened on pressurized line without zero-pressure verification.",pressurized system maintenance,pressure release,hydrocarbons / flammable gas,worker exposed to hazardous pressure release,pressurized fluid / gas energy,centrifugal pump,inappropriate positioning / procedure non-compliance,unknown,pressure isolation / depressurization,pressure isolation or zero-energy verification not confirmed,severe / fatal pressure release & impact injury,1,flange opened on pressurized line without zero-pressure verification
REP-SAFE-536fd876,pair_0012,safety_observation,"During pressurized system maintenance on centrifugal pump, pressure isolation & depressurization verified was in place. zero residual pressure confirmed before opening line.",pressurized system maintenance,pressure release,hydrocarbons / flammable gas,zero residual pressure confirmed before opening line,pressurized fluid / gas energy,centrifugal pump,procedure compliance,unknown,pressure isolation & depressurization verified,none,no consequence / controlled operation,0,Safe operation: pressure isolation & depressurization verified
REP-SIF-be0aab0f,pair_0013,incident,"During lifting operation on crane / lifting equipment, workers standing under suspended crane load without barricaded drop zone.",lifting operation,suspended load / struck-by,unknown,worker in line of fire under suspended load,potential kinetic / gravitational energy,crane / lifting equipment,inappropriate positioning / procedure non-compliance,unknown,exclusion zone / barricading,exclusion zone or barricading missing/breached,fatal crush / severe blunt force trauma,1,workers standing under suspended crane load without barricaded drop zone
REP-SAFE-0c4b3f55,pair_0013,near_miss,"During lifting operation on crane / lifting equipment, barricaded exclusion zone & tag lines used was in place. workers stationed outside drop radius using tag lines.",lifting operation,suspended load / struck-by,unknown,workers stationed outside drop radius using tag lines,potential kinetic / gravitational energy,crane / lifting equipment,procedure compliance,unknown,barricaded exclusion zone & tag lines used,none,no consequence / controlled operation,0,Safe operation: barricaded exclusion zone & tag lines used
REP-SIF-75cb5076,pair_0014,unsafe_act,"During pressurized system maintenance on centrifugal pump, centrifugal pump maintenance started without LOTO or electrical isolation.",pressurized system maintenance,pressure release / energy isolation,unknown,worker exposed to energized machinery / unverified LOTO,electrical energy,centrifugal pump,inappropriate positioning / procedure non-compliance,unknown,energy isolation (LOTO),"energy isolation bypassed, missing, or not verified",severe / fatal electrical shock or caught-in injury,1,centrifugal pump maintenance started without LOTO or electrical isolation
REP-SAFE-5939ef20,pair_0014,near_miss,"During pressurized system maintenance on centrifugal pump, energy isolation (LOTO) & breaker locked out was in place. equipment isolated and LOTO verified before maintenance.",pressurized system maintenance,pressure release / energy isolation,unknown,equipment isolated and LOTO verified before maintenance,electrical energy,centrifugal pump,procedure compliance,unknown,energy isolation (LOTO) & breaker locked out,none,no consequence / controlled operation,0,Safe operation: energy isolation (LOTO) & breaker locked out
REP-SIF-2b7d4d26,pair_0015,near_miss,"During vehicle / pedestrian interaction on heavy transport truck, pedestrians allowed to enter un-barricaded vehicle operating zone.",vehicle / pedestrian interaction,vehicle-pedestrian interaction / struck-by,unknown,pedestrian exposed to moving vehicle,vehicle kinetic energy,heavy transport truck,inappropriate positioning / procedure non-compliance,unknown,exclusion zone / barricading,exclusion zone or barricading missing/breached,fatal struck-by / crush injury,1,pedestrians allowed to enter un-barricaded vehicle operating zone
REP-SAFE-d5e192dc,pair_0015,near_miss,"During vehicle / pedestrian interaction on heavy transport truck, physical pedestrian walkways & spotter was in place. designated pedestrian walkways separated by steel crash barriers.",vehicle / pedestrian interaction,vehicle-pedestrian interaction / struck-by,unknown,designated pedestrian walkways separated by steel crash barriers,vehicle kinetic energy,heavy transport truck,procedure compliance,unknown,physical pedestrian walkways & spotter,none,no consequence / controlled operation,0,Safe operation: physical pedestrian walkways & spotter
REP-SIF-787363c2,pair_0016,unsafe_act,"During pressurized system maintenance on centrifugal pump, flange opened on pressurized line without zero-pressure verification.",pressurized system maintenance,pressure release,hydrocarbons / flammable gas,worker exposed to hazardous pressure release,pressurized fluid / gas energy,centrifugal pump,inappropriate positioning / procedure non-compliance,unknown,pressure isolation / depressurization,pressure isolation or zero-energy verification not confirmed,severe / fatal pressure release & impact injury,1,flange opened on pressurized line without zero-pressure verification
REP-SAFE-43119138,pair_0016,near_miss,"During pressurized system maintenance on centrifugal pump, pressure isolation & depressurization verified was in place. zero residual pressure confirmed before opening line.",pressurized system maintenance,pressure release,hydrocarbons / flammable gas,zero residual pressure confirmed before opening line,pressurized fluid / gas energy,centrifugal pump,procedure compliance,unknown,pressure isolation & depressurization verified,none,no consequence / controlled operation,0,Safe operation: pressure isolation & depressurization verified
REP-SIF-c95dd20b,pair_0017,unsafe_act,"During lifting operation on crane / lifting equipment, workers standing under suspended crane load without barricaded drop zone.",lifting operation,suspended load / struck-by,unknown,worker in line of fire under suspended load,potential kinetic / gravitational energy,crane / lifting equipment,inappropriate positioning / procedure non-compliance,unknown,exclusion zone / barricading,exclusion zone or barricading missing/breached,fatal crush / severe blunt force trauma,1,workers standing under suspended crane load without barricaded drop zone
REP-SAFE-9864e65e,pair_0017,safety_observation,"During lifting operation on crane / lifting equipment, barricaded exclusion zone & tag lines used was in place. workers stationed outside drop radius using tag lines.",lifting operation,suspended load / struck-by,unknown,workers stationed outside drop radius using tag lines,potential kinetic / gravitational energy,crane / lifting equipment,procedure compliance,unknown,barricaded exclusion zone & tag lines used,none,no consequence / controlled operation,0,Safe operation: barricaded exclusion zone & tag lines used
REP-SIF-10412b45,pair_0018,near_miss,"During pressurized system maintenance on centrifugal pump, flange opened on pressurized line without zero-pressure verification.",pressurized system maintenance,pressure release,hydrocarbons / flammable gas,worker exposed to hazardous pressure release,pressurized fluid / gas energy,centrifugal pump,inappropriate positioning / procedure non-compliance,unknown,pressure isolation / depressurization,pressure isolation or zero-energy verification not confirmed,severe / fatal pressure release & impact injury,1,flange opened on pressurized line without zero-pressure verification
REP-SAFE-de695abe,pair_0018,safety_observation,"During pressurized system maintenance on centrifugal pump, pressure isolation & depressurization verified was in place. zero residual pressure confirmed before opening line.",pressurized system maintenance,pressure release,hydrocarbons / flammable gas,zero residual pressure confirmed before opening line,pressurized fluid / gas energy,centrifugal pump,procedure compliance,unknown,pressure isolation & depressurization verified,none,no consequence / controlled operation,0,Safe operation: pressure isolation & depressurization verified
REP-SIF-c336b700,pair_0019,near_miss,"During machinery operation / grinding on grinding machinery, grinding machine operated with guard removed.",machinery operation / grinding,rotating machinery / caught-in,unknown,worker exposed to unguarded rotating machinery,electrical energy,grinding machinery,inappropriate positioning / procedure non-compliance,unknown,machine guarding,"machine guard removed, missing, or bypassed",severe / fatal caught-in or struck-by injury,1,grinding machine operated with guard removed
REP-SAFE-28409157,pair_0019,safety_observation,"During machinery operation / grinding on grinding machinery, factory guard installed & inspect before use was in place. interlocked guard fully functional during grinding operation.",machinery operation / grinding,rotating machinery / caught-in,unknown,interlocked guard fully functional during grinding operation,electrical energy,grinding machinery,procedure compliance,unknown,factory guard installed & inspect before use,none,no consequence / controlled operation,0,Safe operation: factory guard installed & inspect before use
REP-SIF-56584681,pair_0020,incident,"During pressurized system maintenance on centrifugal pump, flange opened on pressurized line without zero-pressure verification.",pressurized system maintenance,pressure release,hydrocarbons / flammable gas,worker exposed to hazardous pressure release,pressurized fluid / gas energy,centrifugal pump,inappropriate positioning / procedure non-compliance,unknown,pressure isolation / depressurization,pressure isolation or zero-energy verification not confirmed,severe / fatal pressure release & impact injury,1,flange opened on pressurized line without zero-pressure verification
REP-SAFE-b15c1368,pair_0020,near_miss,"During pressurized system maintenance on centrifugal pump, pressure isolation & depressurization verified was in place. zero residual pressure confirmed before opening line.",pressurized system maintenance,pressure release,hydrocarbons / flammable gas,zero residual pressure confirmed before opening line,pressurized fluid / gas energy,centrifugal pump,procedure compliance,unknown,pressure isolation & depressurization verified,none,no consequence / controlled operation,0,Safe operation: pressure isolation & depressurization verified
REP-SIF-2ef25047,pair_0021,unsafe_act,"During excavation work on excavation / trench, workers entered 2.5m deep un-shored unstable excavation.",excavation work,excavation collapse / cave-in,unknown,worker exposed to excavation collapse,potential kinetic / soil mass energy,excavation / trench,inappropriate positioning / procedure non-compliance,excavation wall instability,excavation protection,shoring / excavation protective system missing,fatal crush / burial,1,workers entered 2.5m deep un-shored unstable excavation
REP-SAFE-a7dbbbad,pair_0021,near_miss,"During excavation work on excavation / trench, hydraulic shoring boxes & trench shield was in place. trench box installed & soil benching verified.",excavation work,excavation collapse / cave-in,unknown,trench box installed & soil benching verified,potential kinetic / soil mass energy,excavation / trench,procedure compliance,excavation wall instability,hydraulic shoring boxes & trench shield,none,no consequence / controlled operation,0,Safe operation: hydraulic shoring boxes & trench shield
REP-SIF-41729efa,pair_0022,incident,"During confined space entry on vessel / container / process line, untested confined space entry with acute H2S toxicity risk.",confined space entry,toxic gas / hazardous atmosphere,hydrogen sulfide (h2s),worker exposed to toxic gas / oxygen deficiency,chemical / toxic gas energy,vessel / container / process line,inappropriate positioning / procedure non-compliance,confined space atmosphere,atmospheric testing,atmospheric testing missing or not performed,fatal asphyxiation / acute toxicity poisoning,1,untested confined space entry with acute H2S toxicity risk
REP-SAFE-d90867d0,pair_0022,near_miss,"During confined space entry on vessel / container / process line, atmospheric testing completed & verified was in place. safe atmospheric conditions verified prior to entry.",confined space entry,toxic gas / hazardous atmosphere,hydrogen sulfide (h2s),safe atmospheric conditions verified prior to entry,chemical / toxic gas energy,vessel / container / process line,procedure compliance,confined space atmosphere,atmospheric testing completed & verified,none,no consequence / controlled operation,0,Safe operation: atmospheric testing completed & verified
REP-SIF-eca6efe4,pair_0023,unsafe_act,"During work at height on scaffold / elevated platform / ladder, work at 8m height on elevated platform without harness 100% tie-off.",work at height,fall from height,unknown,worker exposed to unprotected fall hazard,potential kinetic / gravitational energy,scaffold / elevated platform / ladder,inappropriate positioning / procedure non-compliance,elevated work location,fall protection system,fall protection missing or not used,fatal fall from elevation,1,work at 8m height on elevated platform without harness 100% tie-off
REP-SAFE-6608e235,pair_0023,near_miss,"During work at height on scaffold / elevated platform / ladder, 100% harness tie-off & lifeline system was in place. worker fully secured with dual-leg shock-absorbing lanyards.",work at height,fall from height,unknown,worker fully secured with dual-leg shock-absorbing lanyards,potential kinetic / gravitational energy,scaffold / elevated platform / ladder,procedure compliance,elevated work location,100% harness tie-off & lifeline system,none,no consequence / controlled operation,0,Safe operation: 100% harness tie-off & lifeline system
REP-SIF-26c7230f,pair_0024,unsafe_act,"During pressurized system maintenance on centrifugal pump, flange opened on pressurized line without zero-pressure verification.",pressurized system maintenance,pressure release,hydrocarbons / flammable gas,worker exposed to hazardous pressure release,pressurized fluid / gas energy,centrifugal pump,inappropriate positioning / procedure non-compliance,unknown,pressure isolation / depressurization,pressure isolation or zero-energy verification not confirmed,severe / fatal pressure release & impact injury,1,flange opened on pressurized line without zero-pressure verification
REP-SAFE-33972408,pair_0024,safety_observation,"During pressurized system maintenance on centrifugal pump, pressure isolation & depressurization verified was in place. zero residual pressure confirmed before opening line.",pressurized system maintenance,pressure release,hydrocarbons / flammable gas,zero residual pressure confirmed before opening line,pressurized fluid / gas energy,centrifugal pump,procedure compliance,unknown,pressure isolation & depressurization verified,none,no consequence / controlled operation,0,Safe operation: pressure isolation & depressurization verified
REP-SIF-39d4cfa8,pair_0025,unsafe_act,"During vehicle / pedestrian interaction on heavy transport truck, pedestrians allowed to enter un-barricaded vehicle operating zone.",vehicle / pedestrian interaction,vehicle-pedestrian interaction / struck-by,unknown,pedestrian exposed to moving vehicle,vehicle kinetic energy,heavy transport truck,inappropriate positioning / procedure non-compliance,unknown,exclusion zone / barricading,exclusion zone or barricading missing/breached,fatal struck-by / crush injury,1,pedestrians allowed to enter un-barricaded vehicle operating zone
REP-SAFE-9dc91098,pair_0025,safety_observation,"During vehicle / pedestrian interaction on heavy transport truck, physical pedestrian walkways & spotter was in place. designated pedestrian walkways separated by steel crash barriers.",vehicle / pedestrian interaction,vehicle-pedestrian interaction / struck-by,unknown,designated pedestrian walkways separated by steel crash barriers,vehicle kinetic energy,heavy transport truck,procedure compliance,unknown,physical pedestrian walkways & spotter,none,no consequence / controlled operation,0,Safe operation: physical pedestrian walkways & spotter
REP-SIF-e88bc60e,pair_0026,incident,"During confined space entry on vessel / container / process line, untested confined space entry with acute H2S toxicity risk.",confined space entry,toxic gas / hazardous atmosphere,hydrogen sulfide (h2s),worker exposed to toxic gas / oxygen deficiency,chemical / toxic gas energy,vessel / container / process line,inappropriate positioning / procedure non-compliance,confined space atmosphere,atmospheric testing,atmospheric testing missing or not performed,fatal asphyxiation / acute toxicity poisoning,1,untested confined space entry with acute H2S toxicity risk
REP-SAFE-0c2c5fd8,pair_0026,near_miss,"During confined space entry on vessel / container / process line, atmospheric testing completed & verified was in place. safe atmospheric conditions verified prior to entry.",confined space entry,toxic gas / hazardous atmosphere,hydrogen sulfide (h2s),safe atmospheric conditions verified prior to entry,chemical / toxic gas energy,vessel / container / process line,procedure compliance,confined space atmosphere,atmospheric testing completed & verified,none,no consequence / controlled operation,0,Safe operation: atmospheric testing completed & verified
REP-SIF-f528868b,pair_0027,unsafe_act,"During machinery operation / grinding on grinding machinery, grinding machine operated with guard removed.",machinery operation / grinding,rotating machinery / caught-in,unknown,worker exposed to unguarded rotating machinery,electrical energy,grinding machinery,inappropriate positioning / procedure non-compliance,unknown,machine guarding,"machine guard removed, missing, or bypassed",severe / fatal caught-in or struck-by injury,1,grinding machine operated with guard removed
REP-SAFE-933de14e,pair_0027,safety_observation,"During machinery operation / grinding on grinding machinery, factory guard installed & inspect before use was in place. interlocked guard fully functional during grinding operation.",machinery operation / grinding,rotating machinery / caught-in,unknown,interlocked guard fully functional during grinding operation,electrical energy,grinding machinery,procedure compliance,unknown,factory guard installed & inspect before use,none,no consequence / controlled operation,0,Safe operation: factory guard installed & inspect before use
REP-SIF-e45702b2,pair_0028,near_miss,"During lifting operation on crane / lifting equipment, workers standing under suspended crane load without barricaded drop zone.",lifting operation,suspended load / struck-by,unknown,worker in line of fire under suspended load,potential kinetic / gravitational energy,crane / lifting equipment,inappropriate positioning / procedure non-compliance,unknown,exclusion zone / barricading,exclusion zone or barricading missing/breached,fatal crush / severe blunt force trauma,1,workers standing under suspended crane load without barricaded drop zone
REP-SAFE-a58b803f,pair_0028,safety_observation,"During lifting operation on crane / lifting equipment, barricaded exclusion zone & tag lines used was in place. workers stationed outside drop radius using tag lines.",lifting operation,suspended load / struck-by,unknown,workers stationed outside drop radius using tag lines,potential kinetic / gravitational energy,crane / lifting equipment,procedure compliance,unknown,barricaded exclusion zone & tag lines used,none,no consequence / controlled operation,0,Safe operation: barricaded exclusion zone & tag lines used
REP-SIF-046b6570,pair_0029,incident,"During pressurized system maintenance on centrifugal pump, centrifugal pump maintenance started without LOTO or electrical isolation.",pressurized system maintenance,pressure release / energy isolation,unknown,worker exposed to energized machinery / unverified LOTO,electrical energy,centrifugal pump,inappropriate positioning / procedure non-compliance,unknown,energy isolation (LOTO),"energy isolation bypassed, missing, or not verified",severe / fatal electrical shock or caught-in injury,1,centrifugal pump maintenance started without LOTO or electrical isolation
REP-SAFE-4a57c0ef,pair_0029,near_miss,"During pressurized system maintenance on centrifugal pump, energy isolation (LOTO) & breaker locked out was in place. equipment isolated and LOTO verified before maintenance.",pressurized system maintenance,pressure release / energy isolation,unknown,equipment isolated and LOTO verified before maintenance,electrical energy,centrifugal pump,procedure compliance,unknown,energy isolation (LOTO) & breaker locked out,none,no consequence / controlled operation,0,Safe operation: energy isolation (LOTO) & breaker locked out
REP-SIF-b4e53069,pair_0030,near_miss,"During machinery operation / grinding on grinding machinery, grinding machine operated with guard removed.",machinery operation / grinding,rotating machinery / caught-in,unknown,worker exposed to unguarded rotating machinery,electrical energy,grinding machinery,inappropriate positioning / procedure non-compliance,unknown,machine guarding,"machine guard removed, missing, or bypassed",severe / fatal caught-in or struck-by injury,1,grinding machine operated with guard removed
REP-SAFE-fa3e8004,pair_0030,safety_observation,"During machinery operation / grinding on grinding machinery, factory guard installed & inspect before use was in place. interlocked guard fully functional during grinding operation.",machinery operation / grinding,rotating machinery / caught-in,unknown,interlocked guard fully functional during grinding operation,electrical energy,grinding machinery,procedure compliance,unknown,factory guard installed & inspect before use,none,no consequence / controlled operation,0,Safe operation: factory guard installed & inspect before use
REP-SIF-a88d22e3,pair_0031,near_miss,"During lifting operation on crane / lifting equipment, workers standing under suspended crane load without barricaded drop zone.",lifting operation,suspended load / struck-by,unknown,worker in line of fire under suspended load,potential kinetic / gravitational energy,crane / lifting equipment,inappropriate positioning / procedure non-compliance,unknown,exclusion zone / barricading,exclusion zone or barricading missing/breached,fatal crush / severe blunt force trauma,1,workers standing under suspended crane load without barricaded drop zone
REP-SAFE-5570a315,pair_0031,near_miss,"During lifting operation on crane / lifting equipment, barricaded exclusion zone & tag lines used was in place. workers stationed outside drop radius using tag lines.",lifting operation,suspended load / struck-by,unknown,workers stationed outside drop radius using tag lines,potential kinetic / gravitational energy,crane / lifting equipment,procedure compliance,unknown,barricaded exclusion zone & tag lines used,none,no consequence / controlled operation,0,Safe operation: barricaded exclusion zone & tag lines used
REP-SIF-b0bc6ec1,pair_0032,unsafe_act,"During hot work on vessel / container / process line, welding near hydrocarbon lines without required gas test or valid hot work permit.",hot work,fire / explosion / flammable atmosphere,hydrocarbons / flammable gas,worker exposed to flammable vapor ignition,chemical / toxic gas energy,vessel / container / process line,inappropriate positioning / procedure non-compliance,unknown,gas testing,required gas testing missing or not completed,fatal burns / blast trauma,1,welding near hydrocarbon lines without required gas test or valid hot work permit
REP-SAFE-173096a1,pair_0032,near_miss,"During hot work on vessel / container / process line, continuous LEL monitoring & hot work permit was in place. continuous LEL reading 0.0% verified before torch ignition.",hot work,fire / explosion / flammable atmosphere,hydrocarbons / flammable gas,continuous LEL reading 0.0% verified before torch ignition,chemical / toxic gas energy,vessel / container / process line,procedure compliance,unknown,continuous LEL monitoring & hot work permit,none,no consequence / controlled operation,0,Safe operation: continuous LEL monitoring & hot work permit
REP-SIF-ac605c05,pair_0033,incident,"During confined space entry on vessel / container / process line, untested confined space entry with acute H2S toxicity risk.",confined space entry,toxic gas / hazardous atmosphere,hydrogen sulfide (h2s),worker exposed to toxic gas / oxygen deficiency,chemical / toxic gas energy,vessel / container / process line,inappropriate positioning / procedure non-compliance,confined space atmosphere,atmospheric testing,atmospheric testing missing or not performed,fatal asphyxiation / acute toxicity poisoning,1,untested confined space entry with acute H2S toxicity risk
REP-SAFE-7534711e,pair_0033,safety_observation,"During confined space entry on vessel / container / process line, atmospheric testing completed & verified was in place. safe atmospheric conditions verified prior to entry.",confined space entry,toxic gas / hazardous atmosphere,hydrogen sulfide (h2s),safe atmospheric conditions verified prior to entry,chemical / toxic gas energy,vessel / container / process line,procedure compliance,confined space atmosphere,atmospheric testing completed & verified,none,no consequence / controlled operation,0,Safe operation: atmospheric testing completed & verified
REP-SIF-f9597fed,pair_0034,unsafe_act,"During work at height on scaffold / elevated platform / ladder, work at 8m height on elevated platform without harness 100% tie-off.",work at height,fall from height,unknown,worker exposed to unprotected fall hazard,potential kinetic / gravitational energy,scaffold / elevated platform / ladder,inappropriate positioning / procedure non-compliance,elevated work location,fall protection system,fall protection missing or not used,fatal fall from elevation,1,work at 8m height on elevated platform without harness 100% tie-off
REP-SAFE-e3c22328,pair_0034,near_miss,"During work at height on scaffold / elevated platform / ladder, 100% harness tie-off & lifeline system was in place. worker fully secured with dual-leg shock-absorbing lanyards.",work at height,fall from height,unknown,worker fully secured with dual-leg shock-absorbing lanyards,potential kinetic / gravitational energy,scaffold / elevated platform / ladder,procedure compliance,elevated work location,100% harness tie-off & lifeline system,none,no consequence / controlled operation,0,Safe operation: 100% harness tie-off & lifeline system
REP-SIF-a8023ea2,pair_0035,unsafe_act,"During hot work on vessel / container / process line, welding near hydrocarbon lines without required gas test or valid hot work permit.",hot work,fire / explosion / flammable atmosphere,hydrocarbons / flammable gas,worker exposed to flammable vapor ignition,chemical / toxic gas energy,vessel / container / process line,inappropriate positioning / procedure non-compliance,unknown,gas testing,required gas testing missing or not completed,fatal burns / blast trauma,1,welding near hydrocarbon lines without required gas test or valid hot work permit
REP-SAFE-7c1478dc,pair_0035,near_miss,"During hot work on vessel / container / process line, continuous LEL monitoring & hot work permit was in place. continuous LEL reading 0.0% verified before torch ignition.",hot work,fire / explosion / flammable atmosphere,hydrocarbons / flammable gas,continuous LEL reading 0.0% verified before torch ignition,chemical / toxic gas energy,vessel / container / process line,procedure compliance,unknown,continuous LEL monitoring & hot work permit,none,no consequence / controlled operation,0,Safe operation: continuous LEL monitoring & hot work permit
REP-SIF-703e1476,pair_0036,near_miss,"During lifting operation on crane / lifting equipment, workers standing under suspended crane load without barricaded drop zone.",lifting operation,suspended load / struck-by,unknown,worker in line of fire under suspended load,potential kinetic / gravitational energy,crane / lifting equipment,inappropriate positioning / procedure non-compliance,unknown,exclusion zone / barricading,exclusion zone or barricading missing/breached,fatal crush / severe blunt force trauma,1,workers standing under suspended crane load without barricaded drop zone
REP-SAFE-dfe5516b,pair_0036,safety_observation,"During lifting operation on crane / lifting equipment, barricaded exclusion zone & tag lines used was in place. workers stationed outside drop radius using tag lines.",lifting operation,suspended load / struck-by,unknown,workers stationed outside drop radius using tag lines,potential kinetic / gravitational energy,crane / lifting equipment,procedure compliance,unknown,barricaded exclusion zone & tag lines used,none,no consequence / controlled operation,0,Safe operation: barricaded exclusion zone & tag lines used
REP-SIF-eaa80575,pair_0037,incident,"During vehicle / pedestrian interaction on heavy transport truck, pedestrians allowed to enter un-barricaded vehicle operating zone.",vehicle / pedestrian interaction,vehicle-pedestrian interaction / struck-by,unknown,pedestrian exposed to moving vehicle,vehicle kinetic energy,heavy transport truck,inappropriate positioning / procedure non-compliance,unknown,exclusion zone / barricading,exclusion zone or barricading missing/breached,fatal struck-by / crush injury,1,pedestrians allowed to enter un-barricaded vehicle operating zone
REP-SAFE-f7e936f9,pair_0037,safety_observation,"During vehicle / pedestrian interaction on heavy transport truck, physical pedestrian walkways & spotter was in place. designated pedestrian walkways separated by steel crash barriers.",vehicle / pedestrian interaction,vehicle-pedestrian interaction / struck-by,unknown,designated pedestrian walkways separated by steel crash barriers,vehicle kinetic energy,heavy transport truck,procedure compliance,unknown,physical pedestrian walkways & spotter,none,no consequence / controlled operation,0,Safe operation: physical pedestrian walkways & spotter
REP-SIF-370c2f26,pair_0038,near_miss,"During pressurized system maintenance on centrifugal pump, centrifugal pump maintenance started without LOTO or electrical isolation.",pressurized system maintenance,pressure release / energy isolation,unknown,worker exposed to energized machinery / unverified LOTO,electrical energy,centrifugal pump,inappropriate positioning / procedure non-compliance,unknown,energy isolation (LOTO),"energy isolation bypassed, missing, or not verified",severe / fatal electrical shock or caught-in injury,1,centrifugal pump maintenance started without LOTO or electrical isolation
REP-SAFE-c3a75e87,pair_0038,safety_observation,"During pressurized system maintenance on centrifugal pump, energy isolation (LOTO) & breaker locked out was in place. equipment isolated and LOTO verified before maintenance.",pressurized system maintenance,pressure release / energy isolation,unknown,equipment isolated and LOTO verified before maintenance,electrical energy,centrifugal pump,procedure compliance,unknown,energy isolation (LOTO) & breaker locked out,none,no consequence / controlled operation,0,Safe operation: energy isolation (LOTO) & breaker locked out
REP-SIF-4cdaf5d4,pair_0039,unsafe_act,"During confined space entry on vessel / container / process line, untested confined space entry with acute H2S toxicity risk.",confined space entry,toxic gas / hazardous atmosphere,hydrogen sulfide (h2s),worker exposed to toxic gas / oxygen deficiency,chemical / toxic gas energy,vessel / container / process line,inappropriate positioning / procedure non-compliance,confined space atmosphere,atmospheric testing,atmospheric testing missing or not performed,fatal asphyxiation / acute toxicity poisoning,1,untested confined space entry with acute H2S toxicity risk
REP-SAFE-7d07af9e,pair_0039,near_miss,"During confined space entry on vessel / container / process line, atmospheric testing completed & verified was in place. safe atmospheric conditions verified prior to entry.",confined space entry,toxic gas / hazardous atmosphere,hydrogen sulfide (h2s),safe atmospheric conditions verified prior to entry,chemical / toxic gas energy,vessel / container / process line,procedure compliance,confined space atmosphere,atmospheric testing completed & verified,none,no consequence / controlled operation,0,Safe operation: atmospheric testing completed & verified
REP-SIF-b5745fc0,pair_0040,incident,"During pressurized system maintenance on centrifugal pump, flange opened on pressurized line without zero-pressure verification.",pressurized system maintenance,pressure release,hydrocarbons / flammable gas,worker exposed to hazardous pressure release,pressurized fluid / gas energy,centrifugal pump,inappropriate positioning / procedure non-compliance,unknown,pressure isolation / depressurization,pressure isolation or zero-energy verification not confirmed,severe / fatal pressure release & impact injury,1,flange opened on pressurized line without zero-pressure verification
REP-SAFE-1094705a,pair_0040,near_miss,"During pressurized system maintenance on centrifugal pump, pressure isolation & depressurization verified was in place. zero residual pressure confirmed before opening line.",pressurized system maintenance,pressure release,hydrocarbons / flammable gas,zero residual pressure confirmed before opening line,pressurized fluid / gas energy,centrifugal pump,procedure compliance,unknown,pressure isolation & depressurization verified,none,no consequence / controlled operation,0,Safe operation: pressure isolation & depressurization verified
REP-SIF-7c338a11,pair_0041,unsafe_act,"During excavation work on excavation / trench, workers entered 2.5m deep un-shored unstable excavation.",excavation work,excavation collapse / cave-in,unknown,worker exposed to excavation collapse,potential kinetic / soil mass energy,excavation / trench,inappropriate positioning / procedure non-compliance,excavation wall instability,excavation protection,shoring / excavation protective system missing,fatal crush / burial,1,workers entered 2.5m deep un-shored unstable excavation
REP-SAFE-914be4de,pair_0041,near_miss,"During excavation work on excavation / trench, hydraulic shoring boxes & trench shield was in place. trench box installed & soil benching verified.",excavation work,excavation collapse / cave-in,unknown,trench box installed & soil benching verified,potential kinetic / soil mass energy,excavation / trench,procedure compliance,excavation wall instability,hydraulic shoring boxes & trench shield,none,no consequence / controlled operation,0,Safe operation: hydraulic shoring boxes & trench shield
REP-SIF-b8a15251,pair_0042,near_miss,"During vehicle / pedestrian interaction on heavy transport truck, pedestrians allowed to enter un-barricaded vehicle operating zone.",vehicle / pedestrian interaction,vehicle-pedestrian interaction / struck-by,unknown,pedestrian exposed to moving vehicle,vehicle kinetic energy,heavy transport truck,inappropriate positioning / procedure non-compliance,unknown,exclusion zone / barricading,exclusion zone or barricading missing/breached,fatal struck-by / crush injury,1,pedestrians allowed to enter un-barricaded vehicle operating zone
REP-SAFE-087361ec,pair_0042,safety_observation,"During vehicle / pedestrian interaction on heavy transport truck, physical pedestrian walkways & spotter was in place. designated pedestrian walkways separated by steel crash barriers.",vehicle / pedestrian interaction,vehicle-pedestrian interaction / struck-by,unknown,designated pedestrian walkways separated by steel crash barriers,vehicle kinetic energy,heavy transport truck,procedure compliance,unknown,physical pedestrian walkways & spotter,none,no consequence / controlled operation,0,Safe operation: physical pedestrian walkways & spotter
REP-SIF-acdfd877,pair_0043,incident,"During vehicle / pedestrian interaction on heavy transport truck, pedestrians allowed to enter un-barricaded vehicle operating zone.",vehicle / pedestrian interaction,vehicle-pedestrian interaction / struck-by,unknown,pedestrian exposed to moving vehicle,vehicle kinetic energy,heavy transport truck,inappropriate positioning / procedure non-compliance,unknown,exclusion zone / barricading,exclusion zone or barricading missing/breached,fatal struck-by / crush injury,1,pedestrians allowed to enter un-barricaded vehicle operating zone
REP-SAFE-d9f53690,pair_0043,near_miss,"During vehicle / pedestrian interaction on heavy transport truck, physical pedestrian walkways & spotter was in place. designated pedestrian walkways separated by steel crash barriers.",vehicle / pedestrian interaction,vehicle-pedestrian interaction / struck-by,unknown,designated pedestrian walkways separated by steel crash barriers,vehicle kinetic energy,heavy transport truck,procedure compliance,unknown,physical pedestrian walkways & spotter,none,no consequence / controlled operation,0,Safe operation: physical pedestrian walkways & spotter
REP-SIF-1e4f64fe,pair_0044,incident,"During pressurized system maintenance on centrifugal pump, flange opened on pressurized line without zero-pressure verification.",pressurized system maintenance,pressure release,hydrocarbons / flammable gas,worker exposed to hazardous pressure release,pressurized fluid / gas energy,centrifugal pump,inappropriate positioning / procedure non-compliance,unknown,pressure isolation / depressurization,pressure isolation or zero-energy verification not confirmed,severe / fatal pressure release & impact injury,1,flange opened on pressurized line without zero-pressure verification
REP-SAFE-c351475a,pair_0044,near_miss,"During pressurized system maintenance on centrifugal pump, pressure isolation & depressurization verified was in place. zero residual pressure confirmed before opening line.",pressurized system maintenance,pressure release,hydrocarbons / flammable gas,zero residual pressure confirmed before opening line,pressurized fluid / gas energy,centrifugal pump,procedure compliance,unknown,pressure isolation & depressurization verified,none,no consequence / controlled operation,0,Safe operation: pressure isolation & depressurization verified
REP-SIF-bb85333b,pair_0045,incident,"During confined space entry on vessel / container / process line, untested confined space entry with acute H2S toxicity risk.",confined space entry,toxic gas / hazardous atmosphere,hydrogen sulfide (h2s),worker exposed to toxic gas / oxygen deficiency,chemical / toxic gas energy,vessel / container / process line,inappropriate positioning / procedure non-compliance,confined space atmosphere,atmospheric testing,atmospheric testing missing or not performed,fatal asphyxiation / acute toxicity poisoning,1,untested confined space entry with acute H2S toxicity risk
REP-SAFE-47f9a13b,pair_0045,safety_observation,"During confined space entry on vessel / container / process line, atmospheric testing completed & verified was in place. safe atmospheric conditions verified prior to entry.",confined space entry,toxic gas / hazardous atmosphere,hydrogen sulfide (h2s),safe atmospheric conditions verified prior to entry,chemical / toxic gas energy,vessel / container / process line,procedure compliance,confined space atmosphere,atmospheric testing completed & verified,none,no consequence / controlled operation,0,Safe operation: atmospheric testing completed & verified
REP-SIF-6adfd73d,pair_0046,unsafe_act,"During machinery operation / grinding on grinding machinery, grinding machine operated with guard removed.",machinery operation / grinding,rotating machinery / caught-in,unknown,worker exposed to unguarded rotating machinery,electrical energy,grinding machinery,inappropriate positioning / procedure non-compliance,unknown,machine guarding,"machine guard removed, missing, or bypassed",severe / fatal caught-in or struck-by injury,1,grinding machine operated with guard removed
REP-SAFE-75ed3d0f,pair_0046,safety_observation,"During machinery operation / grinding on grinding machinery, factory guard installed & inspect before use was in place. interlocked guard fully functional during grinding operation.",machinery operation / grinding,rotating machinery / caught-in,unknown,interlocked guard fully functional during grinding operation,electrical energy,grinding machinery,procedure compliance,unknown,factory guard installed & inspect before use,none,no consequence / controlled operation,0,Safe operation: factory guard installed & inspect before use
REP-SIF-970ad462,pair_0047,near_miss,"During vehicle / pedestrian interaction on heavy transport truck, pedestrians allowed to enter un-barricaded vehicle operating zone.",vehicle / pedestrian interaction,vehicle-pedestrian interaction / struck-by,unknown,pedestrian exposed to moving vehicle,vehicle kinetic energy,heavy transport truck,inappropriate positioning / procedure non-compliance,unknown,exclusion zone / barricading,exclusion zone or barricading missing/breached,fatal struck-by / crush injury,1,pedestrians allowed to enter un-barricaded vehicle operating zone
REP-SAFE-f85ccca0,pair_0047,near_miss,"During vehicle / pedestrian interaction on heavy transport truck, physical pedestrian walkways & spotter was in place. designated pedestrian walkways separated by steel crash barriers.",vehicle / pedestrian interaction,vehicle-pedestrian interaction / struck-by,unknown,designated pedestrian walkways separated by steel crash barriers,vehicle kinetic energy,heavy transport truck,procedure compliance,unknown,physical pedestrian walkways & spotter,none,no consequence / controlled operation,0,Safe operation: physical pedestrian walkways & spotter
REP-SIF-92160cfe,pair_0048,unsafe_act,"During vehicle / pedestrian interaction on heavy transport truck, pedestrians allowed to enter un-barricaded vehicle operating zone.",vehicle / pedestrian interaction,vehicle-pedestrian interaction / struck-by,unknown,pedestrian exposed to moving vehicle,vehicle kinetic energy,heavy transport truck,inappropriate positioning / procedure non-compliance,unknown,exclusion zone / barricading,exclusion zone or barricading missing/breached,fatal struck-by / crush injury,1,pedestrians allowed to enter un-barricaded vehicle operating zone
REP-SAFE-75e491a4,pair_0048,safety_observation,"During vehicle / pedestrian interaction on heavy transport truck, physical pedestrian walkways & spotter was in place. designated pedestrian walkways separated by steel crash barriers.",vehicle / pedestrian interaction,vehicle-pedestrian interaction / struck-by,unknown,designated pedestrian walkways separated by steel crash barriers,vehicle kinetic energy,heavy transport truck,procedure compliance,unknown,physical pedestrian walkways & spotter,none,no consequence / controlled operation,0,Safe operation: physical pedestrian walkways & spotter
REP-SIF-e80d6f28,pair_0049,incident,"During confined space entry on vessel / container / process line, untested confined space entry with acute H2S toxicity risk.",confined space entry,toxic gas / hazardous atmosphere,hydrogen sulfide (h2s),worker exposed to toxic gas / oxygen deficiency,chemical / toxic gas energy,vessel / container / process line,inappropriate positioning / procedure non-compliance,confined space atmosphere,atmospheric testing,atmospheric testing missing or not performed,fatal asphyxiation / acute toxicity poisoning,1,untested confined space entry with acute H2S toxicity risk
REP-SAFE-0c99fe95,pair_0049,safety_observation,"During confined space entry on vessel / container / process line, atmospheric testing completed & verified was in place. safe atmospheric conditions verified prior to entry.",confined space entry,toxic gas / hazardous atmosphere,hydrogen sulfide (h2s),safe atmospheric conditions verified prior to entry,chemical / toxic gas energy,vessel / container / process line,procedure compliance,confined space atmosphere,atmospheric testing completed & verified,none,no consequence / controlled operation,0,Safe operation: atmospheric testing completed & verified
REP-SIF-7c450e01,pair_0050,unsafe_act,"During vehicle / pedestrian interaction on heavy transport truck, pedestrians allowed to enter un-barricaded vehicle operating zone.",vehicle / pedestrian interaction,vehicle-pedestrian interaction / struck-by,unknown,pedestrian exposed to moving vehicle,vehicle kinetic energy,heavy transport truck,inappropriate positioning / procedure non-compliance,unknown,exclusion zone / barricading,exclusion zone or barricading missing/breached,fatal struck-by / crush injury,1,pedestrians allowed to enter un-barricaded vehicle operating zone
REP-SAFE-d26fc213,pair_0050,safety_observation,"During vehicle / pedestrian interaction on heavy transport truck, physical pedestrian walkways & spotter was in place. designated pedestrian walkways separated by steel crash barriers.",vehicle / pedestrian interaction,vehicle-pedestrian interaction / struck-by,unknown,designated pedestrian walkways separated by steel crash barriers,vehicle kinetic energy,heavy transport truck,procedure compliance,unknown,physical pedestrian walkways & spotter,none,no consequence / controlled operation,0,Safe operation: physical pedestrian walkways & spotter
REP-SIF-e0a5c876,pair_0051,incident,"During lifting operation on crane / lifting equipment, workers standing under suspended crane load without barricaded drop zone.",lifting operation,suspended load / struck-by,unknown,worker in line of fire under suspended load,potential kinetic / gravitational energy,crane / lifting equipment,inappropriate positioning / procedure non-compliance,unknown,exclusion zone / barricading,exclusion zone or barricading missing/breached,fatal crush / severe blunt force trauma,1,workers standing under suspended crane load without barricaded drop zone
REP-SAFE-0bd74b90,pair_0051,safety_observation,"During lifting operation on crane / lifting equipment, barricaded exclusion zone & tag lines used was in place. workers stationed outside drop radius using tag lines.",lifting operation,suspended load / struck-by,unknown,workers stationed outside drop radius using tag lines,potential kinetic / gravitational energy,crane / lifting equipment,procedure compliance,unknown,barricaded exclusion zone & tag lines used,none,no consequence / controlled operation,0,Safe operation: barricaded exclusion zone & tag lines used
REP-SIF-fea3c3ae,pair_0052,incident,"During pressurized system maintenance on centrifugal pump, flange opened on pressurized line without zero-pressure verification.",pressurized system maintenance,pressure release,hydrocarbons / flammable gas,worker exposed to hazardous pressure release,pressurized fluid / gas energy,centrifugal pump,inappropriate positioning / procedure non-compliance,unknown,pressure isolation / depressurization,pressure isolation or zero-energy verification not confirmed,severe / fatal pressure release & impact injury,1,flange opened on pressurized line without zero-pressure verification
REP-SAFE-59daa0cd,pair_0052,near_miss,"During pressurized system maintenance on centrifugal pump, pressure isolation & depressurization verified was in place. zero residual pressure confirmed before opening line.",pressurized system maintenance,pressure release,hydrocarbons / flammable gas,zero residual pressure confirmed before opening line,pressurized fluid / gas energy,centrifugal pump,procedure compliance,unknown,pressure isolation & depressurization verified,none,no consequence / controlled operation,0,Safe operation: pressure isolation & depressurization verified
REP-SIF-2ed1dcd9,pair_0053,near_miss,"During work at height on scaffold / elevated platform / ladder, work at 8m height on elevated platform without harness 100% tie-off.",work at height,fall from height,unknown,worker exposed to unprotected fall hazard,potential kinetic / gravitational energy,scaffold / elevated platform / ladder,inappropriate positioning / procedure non-compliance,elevated work location,fall protection system,fall protection missing or not used,fatal fall from elevation,1,work at 8m height on elevated platform without harness 100% tie-off
REP-SAFE-582963a4,pair_0053,safety_observation,"During work at height on scaffold / elevated platform / ladder, 100% harness tie-off & lifeline system was in place. worker fully secured with dual-leg shock-absorbing lanyards.",work at height,fall from height,unknown,worker fully secured with dual-leg shock-absorbing lanyards,potential kinetic / gravitational energy,scaffold / elevated platform / ladder,procedure compliance,elevated work location,100% harness tie-off & lifeline system,none,no consequence / controlled operation,0,Safe operation: 100% harness tie-off & lifeline system
REP-SIF-e476b390,pair_0054,near_miss,"During pressurized system maintenance on centrifugal pump, flange opened on pressurized line without zero-pressure verification.",pressurized system maintenance,pressure release,hydrocarbons / flammable gas,worker exposed to hazardous pressure release,pressurized fluid / gas energy,centrifugal pump,inappropriate positioning / procedure non-compliance,unknown,pressure isolation / depressurization,pressure isolation or zero-energy verification not confirmed,severe / fatal pressure release & impact injury,1,flange opened on pressurized line without zero-pressure verification
REP-SAFE-97b8be2b,pair_0054,near_miss,"During pressurized system maintenance on centrifugal pump, pressure isolation & depressurization verified was in place. zero residual pressure confirmed before opening line.",pressurized system maintenance,pressure release,hydrocarbons / flammable gas,zero residual pressure confirmed before opening line,pressurized fluid / gas energy,centrifugal pump,procedure compliance,unknown,pressure isolation & depressurization verified,none,no consequence / controlled operation,0,Safe operation: pressure isolation & depressurization verified
REP-SIF-f844b9aa,pair_0055,unsafe_act,"During pressurized system maintenance on centrifugal pump, flange opened on pressurized line without zero-pressure verification.",pressurized system maintenance,pressure release,hydrocarbons / flammable gas,worker exposed to hazardous pressure release,pressurized fluid / gas energy,centrifugal pump,inappropriate positioning / procedure non-compliance,unknown,pressure isolation / depressurization,pressure isolation or zero-energy verification not confirmed,severe / fatal pressure release & impact injury,1,flange opened on pressurized line without zero-pressure verification
REP-SAFE-cd7ff745,pair_0055,safety_observation,"During pressurized system maintenance on centrifugal pump, pressure isolation & depressurization verified was in place. zero residual pressure confirmed before opening line.",pressurized system maintenance,pressure release,hydrocarbons / flammable gas,zero residual pressure confirmed before opening line,pressurized fluid / gas energy,centrifugal pump,procedure compliance,unknown,pressure isolation & depressurization verified,none,no consequence / controlled operation,0,Safe operation: pressure isolation & depressurization verified
REP-SIF-8b049c6e,pair_0056,unsafe_act,"During confined space entry on vessel / container / process line, untested confined space entry with acute H2S toxicity risk.",confined space entry,toxic gas / hazardous atmosphere,hydrogen sulfide (h2s),worker exposed to toxic gas / oxygen deficiency,chemical / toxic gas energy,vessel / container / process line,inappropriate positioning / procedure non-compliance,confined space atmosphere,atmospheric testing,atmospheric testing missing or not performed,fatal asphyxiation / acute toxicity poisoning,1,untested confined space entry with acute H2S toxicity risk
REP-SAFE-3224497a,pair_0056,near_miss,"During confined space entry on vessel / container / process line, atmospheric testing completed & verified was in place. safe atmospheric conditions verified prior to entry.",confined space entry,toxic gas / hazardous atmosphere,hydrogen sulfide (h2s),safe atmospheric conditions verified prior to entry,chemical / toxic gas energy,vessel / container / process line,procedure compliance,confined space atmosphere,atmospheric testing completed & verified,none,no consequence / controlled operation,0,Safe operation: atmospheric testing completed & verified
REP-SIF-71562682,pair_0057,near_miss,"During vehicle / pedestrian interaction on heavy transport truck, pedestrians allowed to enter un-barricaded vehicle operating zone.",vehicle / pedestrian interaction,vehicle-pedestrian interaction / struck-by,unknown,pedestrian exposed to moving vehicle,vehicle kinetic energy,heavy transport truck,inappropriate positioning / procedure non-compliance,unknown,exclusion zone / barricading,exclusion zone or barricading missing/breached,fatal struck-by / crush injury,1,pedestrians allowed to enter un-barricaded vehicle operating zone
REP-SAFE-3ae32a17,pair_0057,near_miss,"During vehicle / pedestrian interaction on heavy transport truck, physical pedestrian walkways & spotter was in place. designated pedestrian walkways separated by steel crash barriers.",vehicle / pedestrian interaction,vehicle-pedestrian interaction / struck-by,unknown,designated pedestrian walkways separated by steel crash barriers,vehicle kinetic energy,heavy transport truck,procedure compliance,unknown,physical pedestrian walkways & spotter,none,no consequence / controlled operation,0,Safe operation: physical pedestrian walkways & spotter
REP-SIF-8a4829b3,pair_0058,unsafe_act,"During vehicle / pedestrian interaction on heavy transport truck, pedestrians allowed to enter un-barricaded vehicle operating zone.",vehicle / pedestrian interaction,vehicle-pedestrian interaction / struck-by,unknown,pedestrian exposed to moving vehicle,vehicle kinetic energy,heavy transport truck,inappropriate positioning / procedure non-compliance,unknown,exclusion zone / barricading,exclusion zone or barricading missing/breached,fatal struck-by / crush injury,1,pedestrians allowed to enter un-barricaded vehicle operating zone
REP-SAFE-ca5e43f9,pair_0058,near_miss,"During vehicle / pedestrian interaction on heavy transport truck, physical pedestrian walkways & spotter was in place. designated pedestrian walkways separated by steel crash barriers.",vehicle / pedestrian interaction,vehicle-pedestrian interaction / struck-by,unknown,designated pedestrian walkways separated by steel crash barriers,vehicle kinetic energy,heavy transport truck,procedure compliance,unknown,physical pedestrian walkways & spotter,none,no consequence / controlled operation,0,Safe operation: physical pedestrian walkways & spotter
REP-SIF-5737c49a,pair_0059,unsafe_act,"During work at height on scaffold / elevated platform / ladder, work at 8m height on elevated platform without harness 100% tie-off.",work at height,fall from height,unknown,worker exposed to unprotected fall hazard,potential kinetic / gravitational energy,scaffold / elevated platform / ladder,inappropriate positioning / procedure non-compliance,elevated work location,fall protection system,fall protection missing or not used,fatal fall from elevation,1,work at 8m height on elevated platform without harness 100% tie-off
REP-SAFE-bef8bbd8,pair_0059,safety_observation,"During work at height on scaffold / elevated platform / ladder, 100% harness tie-off & lifeline system was in place. worker fully secured with dual-leg shock-absorbing lanyards.",work at height,fall from height,unknown,worker fully secured with dual-leg shock-absorbing lanyards,potential kinetic / gravitational energy,scaffold / elevated platform / ladder,procedure compliance,elevated work location,100% harness tie-off & lifeline system,none,no consequence / controlled operation,0,Safe operation: 100% harness tie-off & lifeline system
REP-SIF-9a3f3e93,pair_0060,incident,"During machinery operation / grinding on grinding machinery, grinding machine operated with guard removed.",machinery operation / grinding,rotating machinery / caught-in,unknown,worker exposed to unguarded rotating machinery,electrical energy,grinding machinery,inappropriate positioning / procedure non-compliance,unknown,machine guarding,"machine guard removed, missing, or bypassed",severe / fatal caught-in or struck-by injury,1,grinding machine operated with guard removed
REP-SAFE-8db7207f,pair_0060,near_miss,"During machinery operation / grinding on grinding machinery, factory guard installed & inspect before use was in place. interlocked guard fully functional during grinding operation.",machinery operation / grinding,rotating machinery / caught-in,unknown,interlocked guard fully functional during grinding operation,electrical energy,grinding machinery,procedure compliance,unknown,factory guard installed & inspect before use,none,no consequence / controlled operation,0,Safe operation: factory guard installed & inspect before use
REP-SIF-547a64ff,pair_0061,unsafe_act,"During excavation work on excavation / trench, workers entered 2.5m deep un-shored unstable excavation.",excavation work,excavation collapse / cave-in,unknown,worker exposed to excavation collapse,potential kinetic / soil mass energy,excavation / trench,inappropriate positioning / procedure non-compliance,excavation wall instability,excavation protection,shoring / excavation protective system missing,fatal crush / burial,1,workers entered 2.5m deep un-shored unstable excavation
REP-SAFE-0be3e2d5,pair_0061,near_miss,"During excavation work on excavation / trench, hydraulic shoring boxes & trench shield was in place. trench box installed & soil benching verified.",excavation work,excavation collapse / cave-in,unknown,trench box installed & soil benching verified,potential kinetic / soil mass energy,excavation / trench,procedure compliance,excavation wall instability,hydraulic shoring boxes & trench shield,none,no consequence / controlled operation,0,Safe operation: hydraulic shoring boxes & trench shield
REP-SIF-c0152c56,pair_0062,near_miss,"During pressurized system maintenance on centrifugal pump, flange opened on pressurized line without zero-pressure verification.",pressurized system maintenance,pressure release,hydrocarbons / flammable gas,worker exposed to hazardous pressure release,pressurized fluid / gas energy,centrifugal pump,inappropriate positioning / procedure non-compliance,unknown,pressure isolation / depressurization,pressure isolation or zero-energy verification not confirmed,severe / fatal pressure release & impact injury,1,flange opened on pressurized line without zero-pressure verification
REP-SAFE-474ac1e9,pair_0062,safety_observation,"During pressurized system maintenance on centrifugal pump, pressure isolation & depressurization verified was in place. zero residual pressure confirmed before opening line.",pressurized system maintenance,pressure release,hydrocarbons / flammable gas,zero residual pressure confirmed before opening line,pressurized fluid / gas energy,centrifugal pump,procedure compliance,unknown,pressure isolation & depressurization verified,none,no consequence / controlled operation,0,Safe operation: pressure isolation & depressurization verified
REP-SIF-16a79638,pair_0063,incident,"During pressurized system maintenance on centrifugal pump, flange opened on pressurized line without zero-pressure verification.",pressurized system maintenance,pressure release,hydrocarbons / flammable gas,worker exposed to hazardous pressure release,pressurized fluid / gas energy,centrifugal pump,inappropriate positioning / procedure non-compliance,unknown,pressure isolation / depressurization,pressure isolation or zero-energy verification not confirmed,severe / fatal pressure release & impact injury,1,flange opened on pressurized line without zero-pressure verification
REP-SAFE-96248c22,pair_0063,safety_observation,"During pressurized system maintenance on centrifugal pump, pressure isolation & depressurization verified was in place. zero residual pressure confirmed before opening line.",pressurized system maintenance,pressure release,hydrocarbons / flammable gas,zero residual pressure confirmed before opening line,pressurized fluid / gas energy,centrifugal pump,procedure compliance,unknown,pressure isolation & depressurization verified,none,no consequence / controlled operation,0,Safe operation: pressure isolation & depressurization verified
REP-SIF-aba7e8cd,pair_0064,near_miss,"During vehicle / pedestrian interaction on heavy transport truck, pedestrians allowed to enter un-barricaded vehicle operating zone.",vehicle / pedestrian interaction,vehicle-pedestrian interaction / struck-by,unknown,pedestrian exposed to moving vehicle,vehicle kinetic energy,heavy transport truck,inappropriate positioning / procedure non-compliance,unknown,exclusion zone / barricading,exclusion zone or barricading missing/breached,fatal struck-by / crush injury,1,pedestrians allowed to enter un-barricaded vehicle operating zone
REP-SAFE-3af3bbac,pair_0064,safety_observation,"During vehicle / pedestrian interaction on heavy transport truck, physical pedestrian walkways & spotter was in place. designated pedestrian walkways separated by steel crash barriers.",vehicle / pedestrian interaction,vehicle-pedestrian interaction / struck-by,unknown,designated pedestrian walkways separated by steel crash barriers,vehicle kinetic energy,heavy transport truck,procedure compliance,unknown,physical pedestrian walkways & spotter,none,no consequence / controlled operation,0,Safe operation: physical pedestrian walkways & spotter
REP-SIF-c5774fac,pair_0065,near_miss,"During pressurized system maintenance on centrifugal pump, centrifugal pump maintenance started without LOTO or electrical isolation.",pressurized system maintenance,pressure release / energy isolation,unknown,worker exposed to energized machinery / unverified LOTO,electrical energy,centrifugal pump,inappropriate positioning / procedure non-compliance,unknown,energy isolation (LOTO),"energy isolation bypassed, missing, or not verified",severe / fatal electrical shock or caught-in injury,1,centrifugal pump maintenance started without LOTO or electrical isolation
REP-SAFE-52e3705f,pair_0065,safety_observation,"During pressurized system maintenance on centrifugal pump, energy isolation (LOTO) & breaker locked out was in place. equipment isolated and LOTO verified before maintenance.",pressurized system maintenance,pressure release / energy isolation,unknown,equipment isolated and LOTO verified before maintenance,electrical energy,centrifugal pump,procedure compliance,unknown,energy isolation (LOTO) & breaker locked out,none,no consequence / controlled operation,0,Safe operation: energy isolation (LOTO) & breaker locked out
REP-SIF-fa7ca301,pair_0066,near_miss,"During work at height on scaffold / elevated platform / ladder, work at 8m height on elevated platform without harness 100% tie-off.",work at height,fall from height,unknown,worker exposed to unprotected fall hazard,potential kinetic / gravitational energy,scaffold / elevated platform / ladder,inappropriate positioning / procedure non-compliance,elevated work location,fall protection system,fall protection missing or not used,fatal fall from elevation,1,work at 8m height on elevated platform without harness 100% tie-off
REP-SAFE-fa49859a,pair_0066,safety_observation,"During work at height on scaffold / elevated platform / ladder, 100% harness tie-off & lifeline system was in place. worker fully secured with dual-leg shock-absorbing lanyards.",work at height,fall from height,unknown,worker fully secured with dual-leg shock-absorbing lanyards,potential kinetic / gravitational energy,scaffold / elevated platform / ladder,procedure compliance,elevated work location,100% harness tie-off & lifeline system,none,no consequence / controlled operation,0,Safe operation: 100% harness tie-off & lifeline system
REP-SIF-f009484f,pair_0067,near_miss,"During lifting operation on crane / lifting equipment, workers standing under suspended crane load without barricaded drop zone.",lifting operation,suspended load / struck-by,unknown,worker in line of fire under suspended load,potential kinetic / gravitational energy,crane / lifting equipment,inappropriate positioning / procedure non-compliance,unknown,exclusion zone / barricading,exclusion zone or barricading missing/breached,fatal crush / severe blunt force trauma,1,workers standing under suspended crane load without barricaded drop zone
REP-SAFE-dc17bd95,pair_0067,safety_observation,"During lifting operation on crane / lifting equipment, barricaded exclusion zone & tag lines used was in place. workers stationed outside drop radius using tag lines.",lifting operation,suspended load / struck-by,unknown,workers stationed outside drop radius using tag lines,potential kinetic / gravitational energy,crane / lifting equipment,procedure compliance,unknown,barricaded exclusion zone & tag lines used,none,no consequence / controlled operation,0,Safe operation: barricaded exclusion zone & tag lines used
REP-SIF-ffb99da8,pair_0068,unsafe_act,"During machinery operation / grinding on grinding machinery, grinding machine operated with guard removed.",machinery operation / grinding,rotating machinery / caught-in,unknown,worker exposed to unguarded rotating machinery,electrical energy,grinding machinery,inappropriate positioning / procedure non-compliance,unknown,machine guarding,"machine guard removed, missing, or bypassed",severe / fatal caught-in or struck-by injury,1,grinding machine operated with guard removed
REP-SAFE-fcc17db3,pair_0068,near_miss,"During machinery operation / grinding on grinding machinery, factory guard installed & inspect before use was in place. interlocked guard fully functional during grinding operation.",machinery operation / grinding,rotating machinery / caught-in,unknown,interlocked guard fully functional during grinding operation,electrical energy,grinding machinery,procedure compliance,unknown,factory guard installed & inspect before use,none,no consequence / controlled operation,0,Safe operation: factory guard installed & inspect before use
REP-SIF-e1105575,pair_0069,unsafe_act,"During work at height on scaffold / elevated platform / ladder, work at 8m height on elevated platform without harness 100% tie-off.",work at height,fall from height,unknown,worker exposed to unprotected fall hazard,potential kinetic / gravitational energy,scaffold / elevated platform / ladder,inappropriate positioning / procedure non-compliance,elevated work location,fall protection system,fall protection missing or not used,fatal fall from elevation,1,work at 8m height on elevated platform without harness 100% tie-off
REP-SAFE-1ab929e4,pair_0069,safety_observation,"During work at height on scaffold / elevated platform / ladder, 100% harness tie-off & lifeline system was in place. worker fully secured with dual-leg shock-absorbing lanyards.",work at height,fall from height,unknown,worker fully secured with dual-leg shock-absorbing lanyards,potential kinetic / gravitational energy,scaffold / elevated platform / ladder,procedure compliance,elevated work location,100% harness tie-off & lifeline system,none,no consequence / controlled operation,0,Safe operation: 100% harness tie-off & lifeline system
REP-SIF-981a3ecf,pair_0070,near_miss,"During excavation work on excavation / trench, workers entered 2.5m deep un-shored unstable excavation.",excavation work,excavation collapse / cave-in,unknown,worker exposed to excavation collapse,potential kinetic / soil mass energy,excavation / trench,inappropriate positioning / procedure non-compliance,excavation wall instability,excavation protection,shoring / excavation protective system missing,fatal crush / burial,1,workers entered 2.5m deep un-shored unstable excavation
REP-SAFE-b688a7ff,pair_0070,near_miss,"During excavation work on excavation / trench, hydraulic shoring boxes & trench shield was in place. trench box installed & soil benching verified.",excavation work,excavation collapse / cave-in,unknown,trench box installed & soil benching verified,potential kinetic / soil mass energy,excavation / trench,procedure compliance,excavation wall instability,hydraulic shoring boxes & trench shield,none,no consequence / controlled operation,0,Safe operation: hydraulic shoring boxes & trench shield
REP-SIF-c979c463,pair_0071,near_miss,"During hot work on vessel / container / process line, welding near hydrocarbon lines without required gas test or valid hot work permit.",hot work,fire / explosion / flammable atmosphere,hydrocarbons / flammable gas,worker exposed to flammable vapor ignition,chemical / toxic gas energy,vessel / container / process line,inappropriate positioning / procedure non-compliance,unknown,gas testing,required gas testing missing or not completed,fatal burns / blast trauma,1,welding near hydrocarbon lines without required gas test or valid hot work permit
REP-SAFE-360a7c7d,pair_0071,safety_observation,"During hot work on vessel / container / process line, continuous LEL monitoring & hot work permit was in place. continuous LEL reading 0.0% verified before torch ignition.",hot work,fire / explosion / flammable atmosphere,hydrocarbons / flammable gas,continuous LEL reading 0.0% verified before torch ignition,chemical / toxic gas energy,vessel / container / process line,procedure compliance,unknown,continuous LEL monitoring & hot work permit,none,no consequence / controlled operation,0,Safe operation: continuous LEL monitoring & hot work permit
REP-SIF-33801a3c,pair_0072,unsafe_act,"During pressurized system maintenance on centrifugal pump, flange opened on pressurized line without zero-pressure verification.",pressurized system maintenance,pressure release,hydrocarbons / flammable gas,worker exposed to hazardous pressure release,pressurized fluid / gas energy,centrifugal pump,inappropriate positioning / procedure non-compliance,unknown,pressure isolation / depressurization,pressure isolation or zero-energy verification not confirmed,severe / fatal pressure release & impact injury,1,flange opened on pressurized line without zero-pressure verification
REP-SAFE-cff5791b,pair_0072,near_miss,"During pressurized system maintenance on centrifugal pump, pressure isolation & depressurization verified was in place. zero residual pressure confirmed before opening line.",pressurized system maintenance,pressure release,hydrocarbons / flammable gas,zero residual pressure confirmed before opening line,pressurized fluid / gas energy,centrifugal pump,procedure compliance,unknown,pressure isolation & depressurization verified,none,no consequence / controlled operation,0,Safe operation: pressure isolation & depressurization verified
REP-SIF-6a15e51f,pair_0073,incident,"During lifting operation on crane / lifting equipment, workers standing under suspended crane load without barricaded drop zone.",lifting operation,suspended load / struck-by,unknown,worker in line of fire under suspended load,potential kinetic / gravitational energy,crane / lifting equipment,inappropriate positioning / procedure non-compliance,unknown,exclusion zone / barricading,exclusion zone or barricading missing/breached,fatal crush / severe blunt force trauma,1,workers standing under suspended crane load without barricaded drop zone
REP-SAFE-31a006bf,pair_0073,near_miss,"During lifting operation on crane / lifting equipment, barricaded exclusion zone & tag lines used was in place. workers stationed outside drop radius using tag lines.",lifting operation,suspended load / struck-by,unknown,workers stationed outside drop radius using tag lines,potential kinetic / gravitational energy,crane / lifting equipment,procedure compliance,unknown,barricaded exclusion zone & tag lines used,none,no consequence / controlled operation,0,Safe operation: barricaded exclusion zone & tag lines used
REP-SIF-3f6dabaf,pair_0074,unsafe_act,"During excavation work on excavation / trench, workers entered 2.5m deep un-shored unstable excavation.",excavation work,excavation collapse / cave-in,unknown,worker exposed to excavation collapse,potential kinetic / soil mass energy,excavation / trench,inappropriate positioning / procedure non-compliance,excavation wall instability,excavation protection,shoring / excavation protective system missing,fatal crush / burial,1,workers entered 2.5m deep un-shored unstable excavation
REP-SAFE-2736e889,pair_0074,safety_observation,"During excavation work on excavation / trench, hydraulic shoring boxes & trench shield was in place. trench box installed & soil benching verified.",excavation work,excavation collapse / cave-in,unknown,trench box installed & soil benching verified,potential kinetic / soil mass energy,excavation / trench,procedure compliance,excavation wall instability,hydraulic shoring boxes & trench shield,none,no consequence / controlled operation,0,Safe operation: hydraulic shoring boxes & trench shield
REP-SIF-c2e20a0e,pair_0075,near_miss,"During pressurized system maintenance on centrifugal pump, flange opened on pressurized line without zero-pressure verification.",pressurized system maintenance,pressure release,hydrocarbons / flammable gas,worker exposed to hazardous pressure release,pressurized fluid / gas energy,centrifugal pump,inappropriate positioning / procedure non-compliance,unknown,pressure isolation / depressurization,pressure isolation or zero-energy verification not confirmed,severe / fatal pressure release & impact injury,1,flange opened on pressurized line without zero-pressure verification
REP-SAFE-408e54bd,pair_0075,near_miss,"During pressurized system maintenance on centrifugal pump, pressure isolation & depressurization verified was in place. zero residual pressure confirmed before opening line.",pressurized system maintenance,pressure release,hydrocarbons / flammable gas,zero residual pressure confirmed before opening line,pressurized fluid / gas energy,centrifugal pump,procedure compliance,unknown,pressure isolation & depressurization verified,none,no consequence / controlled operation,0,Safe operation: pressure isolation & depressurization verified
REP-SIF-b9faef4c,pair_0076,near_miss,"During lifting operation on crane / lifting equipment, workers standing under suspended crane load without barricaded drop zone.",lifting operation,suspended load / struck-by,unknown,worker in line of fire under suspended load,potential kinetic / gravitational energy,crane / lifting equipment,inappropriate positioning / procedure non-compliance,unknown,exclusion zone / barricading,exclusion zone or barricading missing/breached,fatal crush / severe blunt force trauma,1,workers standing under suspended crane load without barricaded drop zone
REP-SAFE-2f8cea7e,pair_0076,safety_observation,"During lifting operation on crane / lifting equipment, barricaded exclusion zone & tag lines used was in place. workers stationed outside drop radius using tag lines.",lifting operation,suspended load / struck-by,unknown,workers stationed outside drop radius using tag lines,potential kinetic / gravitational energy,crane / lifting equipment,procedure compliance,unknown,barricaded exclusion zone & tag lines used,none,no consequence / controlled operation,0,Safe operation: barricaded exclusion zone & tag lines used
REP-SIF-4be76a10,pair_0077,near_miss,"During work at height on scaffold / elevated platform / ladder, work at 8m height on elevated platform without harness 100% tie-off.",work at height,fall from height,unknown,worker exposed to unprotected fall hazard,potential kinetic / gravitational energy,scaffold / elevated platform / ladder,inappropriate positioning / procedure non-compliance,elevated work location,fall protection system,fall protection missing or not used,fatal fall from elevation,1,work at 8m height on elevated platform without harness 100% tie-off
REP-SAFE-ad1aa571,pair_0077,near_miss,"During work at height on scaffold / elevated platform / ladder, 100% harness tie-off & lifeline system was in place. worker fully secured with dual-leg shock-absorbing lanyards.",work at height,fall from height,unknown,worker fully secured with dual-leg shock-absorbing lanyards,potential kinetic / gravitational energy,scaffold / elevated platform / ladder,procedure compliance,elevated work location,100% harness tie-off & lifeline system,none,no consequence / controlled operation,0,Safe operation: 100% harness tie-off & lifeline system
REP-SIF-cb5b777b,pair_0078,incident,"During confined space entry on vessel / container / process line, untested confined space entry with acute H2S toxicity risk.",confined space entry,toxic gas / hazardous atmosphere,hydrogen sulfide (h2s),worker exposed to toxic gas / oxygen deficiency,chemical / toxic gas energy,vessel / container / process line,inappropriate positioning / procedure non-compliance,confined space atmosphere,atmospheric testing,atmospheric testing missing or not performed,fatal asphyxiation / acute toxicity poisoning,1,untested confined space entry with acute H2S toxicity risk
REP-SAFE-4958b43a,pair_0078,safety_observation,"During confined space entry on vessel / container / process line, atmospheric testing completed & verified was in place. safe atmospheric conditions verified prior to entry.",confined space entry,toxic gas / hazardous atmosphere,hydrogen sulfide (h2s),safe atmospheric conditions verified prior to entry,chemical / toxic gas energy,vessel / container / process line,procedure compliance,confined space atmosphere,atmospheric testing completed & verified,none,no consequence / controlled operation,0,Safe operation: atmospheric testing completed & verified
REP-SIF-b97a8035,pair_0079,incident,"During machinery operation / grinding on grinding machinery, grinding machine operated with guard removed.",machinery operation / grinding,rotating machinery / caught-in,unknown,worker exposed to unguarded rotating machinery,electrical energy,grinding machinery,inappropriate positioning / procedure non-compliance,unknown,machine guarding,"machine guard removed, missing, or bypassed",severe / fatal caught-in or struck-by injury,1,grinding machine operated with guard removed
REP-SAFE-f12c4e4e,pair_0079,safety_observation,"During machinery operation / grinding on grinding machinery, factory guard installed & inspect before use was in place. interlocked guard fully functional during grinding operation.",machinery operation / grinding,rotating machinery / caught-in,unknown,interlocked guard fully functional during grinding operation,electrical energy,grinding machinery,procedure compliance,unknown,factory guard installed & inspect before use,none,no consequence / controlled operation,0,Safe operation: factory guard installed & inspect before use
REP-SIF-616137c1,pair_0080,incident,"During pressurized system maintenance on centrifugal pump, flange opened on pressurized line without zero-pressure verification.",pressurized system maintenance,pressure release,hydrocarbons / flammable gas,worker exposed to hazardous pressure release,pressurized fluid / gas energy,centrifugal pump,inappropriate positioning / procedure non-compliance,unknown,pressure isolation / depressurization,pressure isolation or zero-energy verification not confirmed,severe / fatal pressure release & impact injury,1,flange opened on pressurized line without zero-pressure verification
REP-SAFE-e73e213f,pair_0080,safety_observation,"During pressurized system maintenance on centrifugal pump, pressure isolation & depressurization verified was in place. zero residual pressure confirmed before opening line.",pressurized system maintenance,pressure release,hydrocarbons / flammable gas,zero residual pressure confirmed before opening line,pressurized fluid / gas energy,centrifugal pump,procedure compliance,unknown,pressure isolation & depressurization verified,none,no consequence / controlled operation,0,Safe operation: pressure isolation & depressurization verified
REP-SIF-62a5905c,pair_0081,unsafe_act,"During pressurized system maintenance on centrifugal pump, centrifugal pump maintenance started without LOTO or electrical isolation.",pressurized system maintenance,pressure release / energy isolation,unknown,worker exposed to energized machinery / unverified LOTO,electrical energy,centrifugal pump,inappropriate positioning / procedure non-compliance,unknown,energy isolation (LOTO),"energy isolation bypassed, missing, or not verified",severe / fatal electrical shock or caught-in injury,1,centrifugal pump maintenance started without LOTO or electrical isolation
REP-SAFE-3010adb3,pair_0081,safety_observation,"During pressurized system maintenance on centrifugal pump, energy isolation (LOTO) & breaker locked out was in place. equipment isolated and LOTO verified before maintenance.",pressurized system maintenance,pressure release / energy isolation,unknown,equipment isolated and LOTO verified before maintenance,electrical energy,centrifugal pump,procedure compliance,unknown,energy isolation (LOTO) & breaker locked out,none,no consequence / controlled operation,0,Safe operation: energy isolation (LOTO) & breaker locked out
REP-SIF-9d69c16a,pair_0082,near_miss,"During pressurized system maintenance on centrifugal pump, flange opened on pressurized line without zero-pressure verification.",pressurized system maintenance,pressure release,hydrocarbons / flammable gas,worker exposed to hazardous pressure release,pressurized fluid / gas energy,centrifugal pump,inappropriate positioning / procedure non-compliance,unknown,pressure isolation / depressurization,pressure isolation or zero-energy verification not confirmed,severe / fatal pressure release & impact injury,1,flange opened on pressurized line without zero-pressure verification
REP-SAFE-ddec47bb,pair_0082,safety_observation,"During pressurized system maintenance on centrifugal pump, pressure isolation & depressurization verified was in place. zero residual pressure confirmed before opening line.",pressurized system maintenance,pressure release,hydrocarbons / flammable gas,zero residual pressure confirmed before opening line,pressurized fluid / gas energy,centrifugal pump,procedure compliance,unknown,pressure isolation & depressurization verified,none,no consequence / controlled operation,0,Safe operation: pressure isolation & depressurization verified
REP-SIF-95d00f37,pair_0083,incident,"During hot work on vessel / container / process line, welding near hydrocarbon lines without required gas test or valid hot work permit.",hot work,fire / explosion / flammable atmosphere,hydrocarbons / flammable gas,worker exposed to flammable vapor ignition,chemical / toxic gas energy,vessel / container / process line,inappropriate positioning / procedure non-compliance,unknown,gas testing,required gas testing missing or not completed,fatal burns / blast trauma,1,welding near hydrocarbon lines without required gas test or valid hot work permit
REP-SAFE-d512746b,pair_0083,near_miss,"During hot work on vessel / container / process line, continuous LEL monitoring & hot work permit was in place. continuous LEL reading 0.0% verified before torch ignition.",hot work,fire / explosion / flammable atmosphere,hydrocarbons / flammable gas,continuous LEL reading 0.0% verified before torch ignition,chemical / toxic gas energy,vessel / container / process line,procedure compliance,unknown,continuous LEL monitoring & hot work permit,none,no consequence / controlled operation,0,Safe operation: continuous LEL monitoring & hot work permit
REP-SIF-3a752812,pair_0084,incident,"During work at height on scaffold / elevated platform / ladder, work at 8m height on elevated platform without harness 100% tie-off.",work at height,fall from height,unknown,worker exposed to unprotected fall hazard,potential kinetic / gravitational energy,scaffold / elevated platform / ladder,inappropriate positioning / procedure non-compliance,elevated work location,fall protection system,fall protection missing or not used,fatal fall from elevation,1,work at 8m height on elevated platform without harness 100% tie-off
REP-SAFE-aa3c4b03,pair_0084,safety_observation,"During work at height on scaffold / elevated platform / ladder, 100% harness tie-off & lifeline system was in place. worker fully secured with dual-leg shock-absorbing lanyards.",work at height,fall from height,unknown,worker fully secured with dual-leg shock-absorbing lanyards,potential kinetic / gravitational energy,scaffold / elevated platform / ladder,procedure compliance,elevated work location,100% harness tie-off & lifeline system,none,no consequence / controlled operation,0,Safe operation: 100% harness tie-off & lifeline system
REP-SIF-1bb0f2f7,pair_0085,incident,"During confined space entry on vessel / container / process line, untested confined space entry with acute H2S toxicity risk.",confined space entry,toxic gas / hazardous atmosphere,hydrogen sulfide (h2s),worker exposed to toxic gas / oxygen deficiency,chemical / toxic gas energy,vessel / container / process line,inappropriate positioning / procedure non-compliance,confined space atmosphere,atmospheric testing,atmospheric testing missing or not performed,fatal asphyxiation / acute toxicity poisoning,1,untested confined space entry with acute H2S toxicity risk
REP-SAFE-bd63dfe9,pair_0085,safety_observation,"During confined space entry on vessel / container / process line, atmospheric testing completed & verified was in place. safe atmospheric conditions verified prior to entry.",confined space entry,toxic gas / hazardous atmosphere,hydrogen sulfide (h2s),safe atmospheric conditions verified prior to entry,chemical / toxic gas energy,vessel / container / process line,procedure compliance,confined space atmosphere,atmospheric testing completed & verified,none,no consequence / controlled operation,0,Safe operation: atmospheric testing completed & verified
REP-SIF-b26abd2d,pair_0086,incident,"During hot work on vessel / container / process line, welding near hydrocarbon lines without required gas test or valid hot work permit.",hot work,fire / explosion / flammable atmosphere,hydrocarbons / flammable gas,worker exposed to flammable vapor ignition,chemical / toxic gas energy,vessel / container / process line,inappropriate positioning / procedure non-compliance,unknown,gas testing,required gas testing missing or not completed,fatal burns / blast trauma,1,welding near hydrocarbon lines without required gas test or valid hot work permit
REP-SAFE-0c5251d0,pair_0086,near_miss,"During hot work on vessel / container / process line, continuous LEL monitoring & hot work permit was in place. continuous LEL reading 0.0% verified before torch ignition.",hot work,fire / explosion / flammable atmosphere,hydrocarbons / flammable gas,continuous LEL reading 0.0% verified before torch ignition,chemical / toxic gas energy,vessel / container / process line,procedure compliance,unknown,continuous LEL monitoring & hot work permit,none,no consequence / controlled operation,0,Safe operation: continuous LEL monitoring & hot work permit
REP-SIF-8c17a748,pair_0087,incident,"During machinery operation / grinding on grinding machinery, grinding machine operated with guard removed.",machinery operation / grinding,rotating machinery / caught-in,unknown,worker exposed to unguarded rotating machinery,electrical energy,grinding machinery,inappropriate positioning / procedure non-compliance,unknown,machine guarding,"machine guard removed, missing, or bypassed",severe / fatal caught-in or struck-by injury,1,grinding machine operated with guard removed
REP-SAFE-29ca2eaf,pair_0087,near_miss,"During machinery operation / grinding on grinding machinery, factory guard installed & inspect before use was in place. interlocked guard fully functional during grinding operation.",machinery operation / grinding,rotating machinery / caught-in,unknown,interlocked guard fully functional during grinding operation,electrical energy,grinding machinery,procedure compliance,unknown,factory guard installed & inspect before use,none,no consequence / controlled operation,0,Safe operation: factory guard installed & inspect before use
REP-SIF-2209a0b2,pair_0088,near_miss,"During confined space entry on vessel / container / process line, untested confined space entry with acute H2S toxicity risk.",confined space entry,toxic gas / hazardous atmosphere,hydrogen sulfide (h2s),worker exposed to toxic gas / oxygen deficiency,chemical / toxic gas energy,vessel / container / process line,inappropriate positioning / procedure non-compliance,confined space atmosphere,atmospheric testing,atmospheric testing missing or not performed,fatal asphyxiation / acute toxicity poisoning,1,untested confined space entry with acute H2S toxicity risk
REP-SAFE-e0f8bc82,pair_0088,near_miss,"During confined space entry on vessel / container / process line, atmospheric testing completed & verified was in place. safe atmospheric conditions verified prior to entry.",confined space entry,toxic gas / hazardous atmosphere,hydrogen sulfide (h2s),safe atmospheric conditions verified prior to entry,chemical / toxic gas energy,vessel / container / process line,procedure compliance,confined space atmosphere,atmospheric testing completed & verified,none,no consequence / controlled operation,0,Safe operation: atmospheric testing completed & verified
REP-SIF-ad986a37,pair_0089,near_miss,"During work at height on scaffold / elevated platform / ladder, work at 8m height on elevated platform without harness 100% tie-off.",work at height,fall from height,unknown,worker exposed to unprotected fall hazard,potential kinetic / gravitational energy,scaffold / elevated platform / ladder,inappropriate positioning / procedure non-compliance,elevated work location,fall protection system,fall protection missing or not used,fatal fall from elevation,1,work at 8m height on elevated platform without harness 100% tie-off
REP-SAFE-3d348e29,pair_0089,safety_observation,"During work at height on scaffold / elevated platform / ladder, 100% harness tie-off & lifeline system was in place. worker fully secured with dual-leg shock-absorbing lanyards.",work at height,fall from height,unknown,worker fully secured with dual-leg shock-absorbing lanyards,potential kinetic / gravitational energy,scaffold / elevated platform / ladder,procedure compliance,elevated work location,100% harness tie-off & lifeline system,none,no consequence / controlled operation,0,Safe operation: 100% harness tie-off & lifeline system
REP-SIF-e62f7a30,pair_0090,near_miss,"During lifting operation on crane / lifting equipment, workers standing under suspended crane load without barricaded drop zone.",lifting operation,suspended load / struck-by,unknown,worker in line of fire under suspended load,potential kinetic / gravitational energy,crane / lifting equipment,inappropriate positioning / procedure non-compliance,unknown,exclusion zone / barricading,exclusion zone or barricading missing/breached,fatal crush / severe blunt force trauma,1,workers standing under suspended crane load without barricaded drop zone
REP-SAFE-839e28d7,pair_0090,safety_observation,"During lifting operation on crane / lifting equipment, barricaded exclusion zone & tag lines used was in place. workers stationed outside drop radius using tag lines.",lifting operation,suspended load / struck-by,unknown,workers stationed outside drop radius using tag lines,potential kinetic / gravitational energy,crane / lifting equipment,procedure compliance,unknown,barricaded exclusion zone & tag lines used,none,no consequence / controlled operation,0,Safe operation: barricaded exclusion zone & tag lines used
REP-SIF-9770863c,pair_0091,unsafe_act,"During excavation work on excavation / trench, workers entered 2.5m deep un-shored unstable excavation.",excavation work,excavation collapse / cave-in,unknown,worker exposed to excavation collapse,potential kinetic / soil mass energy,excavation / trench,inappropriate positioning / procedure non-compliance,excavation wall instability,excavation protection,shoring / excavation protective system missing,fatal crush / burial,1,workers entered 2.5m deep un-shored unstable excavation
REP-SAFE-bde3e2b9,pair_0091,safety_observation,"During excavation work on excavation / trench, hydraulic shoring boxes & trench shield was in place. trench box installed & soil benching verified.",excavation work,excavation collapse / cave-in,unknown,trench box installed & soil benching verified,potential kinetic / soil mass energy,excavation / trench,procedure compliance,excavation wall instability,hydraulic shoring boxes & trench shield,none,no consequence / controlled operation,0,Safe operation: hydraulic shoring boxes & trench shield
REP-SIF-9a9c3867,pair_0092,unsafe_act,"During pressurized system maintenance on centrifugal pump, centrifugal pump maintenance started without LOTO or electrical isolation.",pressurized system maintenance,pressure release / energy isolation,unknown,worker exposed to energized machinery / unverified LOTO,electrical energy,centrifugal pump,inappropriate positioning / procedure non-compliance,unknown,energy isolation (LOTO),"energy isolation bypassed, missing, or not verified",severe / fatal electrical shock or caught-in injury,1,centrifugal pump maintenance started without LOTO or electrical isolation
REP-SAFE-604095c5,pair_0092,safety_observation,"During pressurized system maintenance on centrifugal pump, energy isolation (LOTO) & breaker locked out was in place. equipment isolated and LOTO verified before maintenance.",pressurized system maintenance,pressure release / energy isolation,unknown,equipment isolated and LOTO verified before maintenance,electrical energy,centrifugal pump,procedure compliance,unknown,energy isolation (LOTO) & breaker locked out,none,no consequence / controlled operation,0,Safe operation: energy isolation (LOTO) & breaker locked out
REP-SIF-62ad84a9,pair_0093,near_miss,"During confined space entry on vessel / container / process line, untested confined space entry with acute H2S toxicity risk.",confined space entry,toxic gas / hazardous atmosphere,hydrogen sulfide (h2s),worker exposed to toxic gas / oxygen deficiency,chemical / toxic gas energy,vessel / container / process line,inappropriate positioning / procedure non-compliance,confined space atmosphere,atmospheric testing,atmospheric testing missing or not performed,fatal asphyxiation / acute toxicity poisoning,1,untested confined space entry with acute H2S toxicity risk
REP-SAFE-62f01fb8,pair_0093,safety_observation,"During confined space entry on vessel / container / process line, atmospheric testing completed & verified was in place. safe atmospheric conditions verified prior to entry.",confined space entry,toxic gas / hazardous atmosphere,hydrogen sulfide (h2s),safe atmospheric conditions verified prior to entry,chemical / toxic gas energy,vessel / container / process line,procedure compliance,confined space atmosphere,atmospheric testing completed & verified,none,no consequence / controlled operation,0,Safe operation: atmospheric testing completed & verified
REP-SIF-b3adc783,pair_0094,incident,"During work at height on scaffold / elevated platform / ladder, work at 8m height on elevated platform without harness 100% tie-off.",work at height,fall from height,unknown,worker exposed to unprotected fall hazard,potential kinetic / gravitational energy,scaffold / elevated platform / ladder,inappropriate positioning / procedure non-compliance,elevated work location,fall protection system,fall protection missing or not used,fatal fall from elevation,1,work at 8m height on elevated platform without harness 100% tie-off
REP-SAFE-30c140e2,pair_0094,safety_observation,"During work at height on scaffold / elevated platform / ladder, 100% harness tie-off & lifeline system was in place. worker fully secured with dual-leg shock-absorbing lanyards.",work at height,fall from height,unknown,worker fully secured with dual-leg shock-absorbing lanyards,potential kinetic / gravitational energy,scaffold / elevated platform / ladder,procedure compliance,elevated work location,100% harness tie-off & lifeline system,none,no consequence / controlled operation,0,Safe operation: 100% harness tie-off & lifeline system
REP-SIF-05c4bad0,pair_0095,unsafe_act,"During work at height on scaffold / elevated platform / ladder, work at 8m height on elevated platform without harness 100% tie-off.",work at height,fall from height,unknown,worker exposed to unprotected fall hazard,potential kinetic / gravitational energy,scaffold / elevated platform / ladder,inappropriate positioning / procedure non-compliance,elevated work location,fall protection system,fall protection missing or not used,fatal fall from elevation,1,work at 8m height on elevated platform without harness 100% tie-off
REP-SAFE-40bfa4ee,pair_0095,safety_observation,"During work at height on scaffold / elevated platform / ladder, 100% harness tie-off & lifeline system was in place. worker fully secured with dual-leg shock-absorbing lanyards.",work at height,fall from height,unknown,worker fully secured with dual-leg shock-absorbing lanyards,potential kinetic / gravitational energy,scaffold / elevated platform / ladder,procedure compliance,elevated work location,100% harness tie-off & lifeline system,none,no consequence / controlled operation,0,Safe operation: 100% harness tie-off & lifeline system
REP-SIF-3365c369,pair_0096,incident,"During pressurized system maintenance on centrifugal pump, flange opened on pressurized line without zero-pressure verification.",pressurized system maintenance,pressure release,hydrocarbons / flammable gas,worker exposed to hazardous pressure release,pressurized fluid / gas energy,centrifugal pump,inappropriate positioning / procedure non-compliance,unknown,pressure isolation / depressurization,pressure isolation or zero-energy verification not confirmed,severe / fatal pressure release & impact injury,1,flange opened on pressurized line without zero-pressure verification
REP-SAFE-5cba925d,pair_0096,near_miss,"During pressurized system maintenance on centrifugal pump, pressure isolation & depressurization verified was in place. zero residual pressure confirmed before opening line.",pressurized system maintenance,pressure release,hydrocarbons / flammable gas,zero residual pressure confirmed before opening line,pressurized fluid / gas energy,centrifugal pump,procedure compliance,unknown,pressure isolation & depressurization verified,none,no consequence / controlled operation,0,Safe operation: pressure isolation & depressurization verified
REP-SIF-3b3510fb,pair_0097,near_miss,"During machinery operation / grinding on grinding machinery, grinding machine operated with guard removed.",machinery operation / grinding,rotating machinery / caught-in,unknown,worker exposed to unguarded rotating machinery,electrical energy,grinding machinery,inappropriate positioning / procedure non-compliance,unknown,machine guarding,"machine guard removed, missing, or bypassed",severe / fatal caught-in or struck-by injury,1,grinding machine operated with guard removed
REP-SAFE-8d7cb9f9,pair_0097,near_miss,"During machinery operation / grinding on grinding machinery, factory guard installed & inspect before use was in place. interlocked guard fully functional during grinding operation.",machinery operation / grinding,rotating machinery / caught-in,unknown,interlocked guard fully functional during grinding operation,electrical energy,grinding machinery,procedure compliance,unknown,factory guard installed & inspect before use,none,no consequence / controlled operation,0,Safe operation: factory guard installed & inspect before use
REP-SIF-0a765ded,pair_0098,incident,"During work at height on scaffold / elevated platform / ladder, work at 8m height on elevated platform without harness 100% tie-off.",work at height,fall from height,unknown,worker exposed to unprotected fall hazard,potential kinetic / gravitational energy,scaffold / elevated platform / ladder,inappropriate positioning / procedure non-compliance,elevated work location,fall protection system,fall protection missing or not used,fatal fall from elevation,1,work at 8m height on elevated platform without harness 100% tie-off
REP-SAFE-22c9c808,pair_0098,near_miss,"During work at height on scaffold / elevated platform / ladder, 100% harness tie-off & lifeline system was in place. worker fully secured with dual-leg shock-absorbing lanyards.",work at height,fall from height,unknown,worker fully secured with dual-leg shock-absorbing lanyards,potential kinetic / gravitational energy,scaffold / elevated platform / ladder,procedure compliance,elevated work location,100% harness tie-off & lifeline system,none,no consequence / controlled operation,0,Safe operation: 100% harness tie-off & lifeline system
REP-SIF-201bf1cd,pair_0099,unsafe_act,"During confined space entry on vessel / container / process line, untested confined space entry with acute H2S toxicity risk.",confined space entry,toxic gas / hazardous atmosphere,hydrogen sulfide (h2s),worker exposed to toxic gas / oxygen deficiency,chemical / toxic gas energy,vessel / container / process line,inappropriate positioning / procedure non-compliance,confined space atmosphere,atmospheric testing,atmospheric testing missing or not performed,fatal asphyxiation / acute toxicity poisoning,1,untested confined space entry with acute H2S toxicity risk
REP-SAFE-5e34b550,pair_0099,near_miss,"During confined space entry on vessel / container / process line, atmospheric testing completed & verified was in place. safe atmospheric conditions verified prior to entry.",confined space entry,toxic gas / hazardous atmosphere,hydrogen sulfide (h2s),safe atmospheric conditions verified prior to entry,chemical / toxic gas energy,vessel / container / process line,procedure compliance,confined space atmosphere,atmospheric testing completed & verified,none,no consequence / controlled operation,0,Safe operation: atmospheric testing completed & verified
REP-SIF-f2c95252,pair_0100,incident,"During excavation work on excavation / trench, workers entered 2.5m deep un-shored unstable excavation.",excavation work,excavation collapse / cave-in,unknown,worker exposed to excavation collapse,potential kinetic / soil mass energy,excavation / trench,inappropriate positioning / procedure non-compliance,excavation wall instability,excavation protection,shoring / excavation protective system missing,fatal crush / burial,1,workers entered 2.5m deep un-shored unstable excavation
REP-SAFE-a6aecadc,pair_0100,safety_observation,"During excavation work on excavation / trench, hydraulic shoring boxes & trench shield was in place. trench box installed & soil benching verified.",excavation work,excavation collapse / cave-in,unknown,trench box installed & soil benching verified,potential kinetic / soil mass energy,excavation / trench,procedure compliance,excavation wall instability,hydraulic shoring boxes & trench shield,none,no consequence / controlled operation,0,Safe operation: hydraulic shoring boxes & trench shield
REP-SIF-1e093709,pair_0101,incident,"During pressurized system maintenance on centrifugal pump, centrifugal pump maintenance started without LOTO or electrical isolation.",pressurized system maintenance,pressure release / energy isolation,unknown,worker exposed to energized machinery / unverified LOTO,electrical energy,centrifugal pump,inappropriate positioning / procedure non-compliance,unknown,energy isolation (LOTO),"energy isolation bypassed, missing, or not verified",severe / fatal electrical shock or caught-in injury,1,centrifugal pump maintenance started without LOTO or electrical isolation
REP-SAFE-3c260bbf,pair_0101,safety_observation,"During pressurized system maintenance on centrifugal pump, energy isolation (LOTO) & breaker locked out was in place. equipment isolated and LOTO verified before maintenance.",pressurized system maintenance,pressure release / energy isolation,unknown,equipment isolated and LOTO verified before maintenance,electrical energy,centrifugal pump,procedure compliance,unknown,energy isolation (LOTO) & breaker locked out,none,no consequence / controlled operation,0,Safe operation: energy isolation (LOTO) & breaker locked out
REP-SIF-1c2ee15d,pair_0102,unsafe_act,"During pressurized system maintenance on centrifugal pump, flange opened on pressurized line without zero-pressure verification.",pressurized system maintenance,pressure release,hydrocarbons / flammable gas,worker exposed to hazardous pressure release,pressurized fluid / gas energy,centrifugal pump,inappropriate positioning / procedure non-compliance,unknown,pressure isolation / depressurization,pressure isolation or zero-energy verification not confirmed,severe / fatal pressure release & impact injury,1,flange opened on pressurized line without zero-pressure verification
REP-SAFE-b043aa22,pair_0102,safety_observation,"During pressurized system maintenance on centrifugal pump, pressure isolation & depressurization verified was in place. zero residual pressure confirmed before opening line.",pressurized system maintenance,pressure release,hydrocarbons / flammable gas,zero residual pressure confirmed before opening line,pressurized fluid / gas energy,centrifugal pump,procedure compliance,unknown,pressure isolation & depressurization verified,none,no consequence / controlled operation,0,Safe operation: pressure isolation & depressurization verified
REP-SIF-6998a2de,pair_0103,incident,"During vehicle / pedestrian interaction on heavy transport truck, pedestrians allowed to enter un-barricaded vehicle operating zone.",vehicle / pedestrian interaction,vehicle-pedestrian interaction / struck-by,unknown,pedestrian exposed to moving vehicle,vehicle kinetic energy,heavy transport truck,inappropriate positioning / procedure non-compliance,unknown,exclusion zone / barricading,exclusion zone or barricading missing/breached,fatal struck-by / crush injury,1,pedestrians allowed to enter un-barricaded vehicle operating zone
REP-SAFE-6c34eb17,pair_0103,safety_observation,"During vehicle / pedestrian interaction on heavy transport truck, physical pedestrian walkways & spotter was in place. designated pedestrian walkways separated by steel crash barriers.",vehicle / pedestrian interaction,vehicle-pedestrian interaction / struck-by,unknown,designated pedestrian walkways separated by steel crash barriers,vehicle kinetic energy,heavy transport truck,procedure compliance,unknown,physical pedestrian walkways & spotter,none,no consequence / controlled operation,0,Safe operation: physical pedestrian walkways & spotter
REP-SIF-0bb2f6b4,pair_0104,near_miss,"During lifting operation on crane / lifting equipment, workers standing under suspended crane load without barricaded drop zone.",lifting operation,suspended load / struck-by,unknown,worker in line of fire under suspended load,potential kinetic / gravitational energy,crane / lifting equipment,inappropriate positioning / procedure non-compliance,unknown,exclusion zone / barricading,exclusion zone or barricading missing/breached,fatal crush / severe blunt force trauma,1,workers standing under suspended crane load without barricaded drop zone
REP-SAFE-7dd27f9f,pair_0104,safety_observation,"During lifting operation on crane / lifting equipment, barricaded exclusion zone & tag lines used was in place. workers stationed outside drop radius using tag lines.",lifting operation,suspended load / struck-by,unknown,workers stationed outside drop radius using tag lines,potential kinetic / gravitational energy,crane / lifting equipment,procedure compliance,unknown,barricaded exclusion zone & tag lines used,none,no consequence / controlled operation,0,Safe operation: barricaded exclusion zone & tag lines used
REP-SIF-8e007871,pair_0105,incident,"During lifting operation on crane / lifting equipment, workers standing under suspended crane load without barricaded drop zone.",lifting operation,suspended load / struck-by,unknown,worker in line of fire under suspended load,potential kinetic / gravitational energy,crane / lifting equipment,inappropriate positioning / procedure non-compliance,unknown,exclusion zone / barricading,exclusion zone or barricading missing/breached,fatal crush / severe blunt force trauma,1,workers standing under suspended crane load without barricaded drop zone
REP-SAFE-13715e0a,pair_0105,safety_observation,"During lifting operation on crane / lifting equipment, barricaded exclusion zone & tag lines used was in place. workers stationed outside drop radius using tag lines.",lifting operation,suspended load / struck-by,unknown,workers stationed outside drop radius using tag lines,potential kinetic / gravitational energy,crane / lifting equipment,procedure compliance,unknown,barricaded exclusion zone & tag lines used,none,no consequence / controlled operation,0,Safe operation: barricaded exclusion zone & tag lines used
REP-SIF-f261212b,pair_0106,unsafe_act,"During excavation work on excavation / trench, workers entered 2.5m deep un-shored unstable excavation.",excavation work,excavation collapse / cave-in,unknown,worker exposed to excavation collapse,potential kinetic / soil mass energy,excavation / trench,inappropriate positioning / procedure non-compliance,excavation wall instability,excavation protection,shoring / excavation protective system missing,fatal crush / burial,1,workers entered 2.5m deep un-shored unstable excavation
REP-SAFE-7e960210,pair_0106,near_miss,"During excavation work on excavation / trench, hydraulic shoring boxes & trench shield was in place. trench box installed & soil benching verified.",excavation work,excavation collapse / cave-in,unknown,trench box installed & soil benching verified,potential kinetic / soil mass energy,excavation / trench,procedure compliance,excavation wall instability,hydraulic shoring boxes & trench shield,none,no consequence / controlled operation,0,Safe operation: hydraulic shoring boxes & trench shield
REP-SIF-d904ae64,pair_0107,near_miss,"During vehicle / pedestrian interaction on heavy transport truck, pedestrians allowed to enter un-barricaded vehicle operating zone.",vehicle / pedestrian interaction,vehicle-pedestrian interaction / struck-by,unknown,pedestrian exposed to moving vehicle,vehicle kinetic energy,heavy transport truck,inappropriate positioning / procedure non-compliance,unknown,exclusion zone / barricading,exclusion zone or barricading missing/breached,fatal struck-by / crush injury,1,pedestrians allowed to enter un-barricaded vehicle operating zone
REP-SAFE-47eb5430,pair_0107,near_miss,"During vehicle / pedestrian interaction on heavy transport truck, physical pedestrian walkways & spotter was in place. designated pedestrian walkways separated by steel crash barriers.",vehicle / pedestrian interaction,vehicle-pedestrian interaction / struck-by,unknown,designated pedestrian walkways separated by steel crash barriers,vehicle kinetic energy,heavy transport truck,procedure compliance,unknown,physical pedestrian walkways & spotter,none,no consequence / controlled operation,0,Safe operation: physical pedestrian walkways & spotter
REP-SIF-5066d26f,pair_0108,near_miss,"During pressurized system maintenance on centrifugal pump, flange opened on pressurized line without zero-pressure verification.",pressurized system maintenance,pressure release,hydrocarbons / flammable gas,worker exposed to hazardous pressure release,pressurized fluid / gas energy,centrifugal pump,inappropriate positioning / procedure non-compliance,unknown,pressure isolation / depressurization,pressure isolation or zero-energy verification not confirmed,severe / fatal pressure release & impact injury,1,flange opened on pressurized line without zero-pressure verification
REP-SAFE-32a49faa,pair_0108,near_miss,"During pressurized system maintenance on centrifugal pump, pressure isolation & depressurization verified was in place. zero residual pressure confirmed before opening line.",pressurized system maintenance,pressure release,hydrocarbons / flammable gas,zero residual pressure confirmed before opening line,pressurized fluid / gas energy,centrifugal pump,procedure compliance,unknown,pressure isolation & depressurization verified,none,no consequence / controlled operation,0,Safe operation: pressure isolation & depressurization verified
REP-SIF-ef8a525b,pair_0109,near_miss,"During pressurized system maintenance on centrifugal pump, flange opened on pressurized line without zero-pressure verification.",pressurized system maintenance,pressure release,hydrocarbons / flammable gas,worker exposed to hazardous pressure release,pressurized fluid / gas energy,centrifugal pump,inappropriate positioning / procedure non-compliance,unknown,pressure isolation / depressurization,pressure isolation or zero-energy verification not confirmed,severe / fatal pressure release & impact injury,1,flange opened on pressurized line without zero-pressure verification
REP-SAFE-67371a84,pair_0109,safety_observation,"During pressurized system maintenance on centrifugal pump, pressure isolation & depressurization verified was in place. zero residual pressure confirmed before opening line.",pressurized system maintenance,pressure release,hydrocarbons / flammable gas,zero residual pressure confirmed before opening line,pressurized fluid / gas energy,centrifugal pump,procedure compliance,unknown,pressure isolation & depressurization verified,none,no consequence / controlled operation,0,Safe operation: pressure isolation & depressurization verified
REP-SIF-66622e6e,pair_0110,incident,"During machinery operation / grinding on grinding machinery, grinding machine operated with guard removed.",machinery operation / grinding,rotating machinery / caught-in,unknown,worker exposed to unguarded rotating machinery,electrical energy,grinding machinery,inappropriate positioning / procedure non-compliance,unknown,machine guarding,"machine guard removed, missing, or bypassed",severe / fatal caught-in or struck-by injury,1,grinding machine operated with guard removed
REP-SAFE-8ed0db9c,pair_0110,safety_observation,"During machinery operation / grinding on grinding machinery, factory guard installed & inspect before use was in place. interlocked guard fully functional during grinding operation.",machinery operation / grinding,rotating machinery / caught-in,unknown,interlocked guard fully functional during grinding operation,electrical energy,grinding machinery,procedure compliance,unknown,factory guard installed & inspect before use,none,no consequence / controlled operation,0,Safe operation: factory guard installed & inspect before use
REP-SIF-404680d8,pair_0111,near_miss,"During lifting operation on crane / lifting equipment, workers standing under suspended crane load without barricaded drop zone.",lifting operation,suspended load / struck-by,unknown,worker in line of fire under suspended load,potential kinetic / gravitational energy,crane / lifting equipment,inappropriate positioning / procedure non-compliance,unknown,exclusion zone / barricading,exclusion zone or barricading missing/breached,fatal crush / severe blunt force trauma,1,workers standing under suspended crane load without barricaded drop zone
REP-SAFE-437c7aa8,pair_0111,near_miss,"During lifting operation on crane / lifting equipment, barricaded exclusion zone & tag lines used was in place. workers stationed outside drop radius using tag lines.",lifting operation,suspended load / struck-by,unknown,workers stationed outside drop radius using tag lines,potential kinetic / gravitational energy,crane / lifting equipment,procedure compliance,unknown,barricaded exclusion zone & tag lines used,none,no consequence / controlled operation,0,Safe operation: barricaded exclusion zone & tag lines used
REP-SIF-60d3c349,pair_0112,incident,"During vehicle / pedestrian interaction on heavy transport truck, pedestrians allowed to enter un-barricaded vehicle operating zone.",vehicle / pedestrian interaction,vehicle-pedestrian interaction / struck-by,unknown,pedestrian exposed to moving vehicle,vehicle kinetic energy,heavy transport truck,inappropriate positioning / procedure non-compliance,unknown,exclusion zone / barricading,exclusion zone or barricading missing/breached,fatal struck-by / crush injury,1,pedestrians allowed to enter un-barricaded vehicle operating zone
REP-SAFE-ad431532,pair_0112,near_miss,"During vehicle / pedestrian interaction on heavy transport truck, physical pedestrian walkways & spotter was in place. designated pedestrian walkways separated by steel crash barriers.",vehicle / pedestrian interaction,vehicle-pedestrian interaction / struck-by,unknown,designated pedestrian walkways separated by steel crash barriers,vehicle kinetic energy,heavy transport truck,procedure compliance,unknown,physical pedestrian walkways & spotter,none,no consequence / controlled operation,0,Safe operation: physical pedestrian walkways & spotter
REP-SIF-d4184a39,pair_0113,near_miss,"During pressurized system maintenance on centrifugal pump, centrifugal pump maintenance started without LOTO or electrical isolation.",pressurized system maintenance,pressure release / energy isolation,unknown,worker exposed to energized machinery / unverified LOTO,electrical energy,centrifugal pump,inappropriate positioning / procedure non-compliance,unknown,energy isolation (LOTO),"energy isolation bypassed, missing, or not verified",severe / fatal electrical shock or caught-in injury,1,centrifugal pump maintenance started without LOTO or electrical isolation
REP-SAFE-29abae82,pair_0113,near_miss,"During pressurized system maintenance on centrifugal pump, energy isolation (LOTO) & breaker locked out was in place. equipment isolated and LOTO verified before maintenance.",pressurized system maintenance,pressure release / energy isolation,unknown,equipment isolated and LOTO verified before maintenance,electrical energy,centrifugal pump,procedure compliance,unknown,energy isolation (LOTO) & breaker locked out,none,no consequence / controlled operation,0,Safe operation: energy isolation (LOTO) & breaker locked out
REP-SIF-a63b1c59,pair_0114,near_miss,"During machinery operation / grinding on grinding machinery, grinding machine operated with guard removed.",machinery operation / grinding,rotating machinery / caught-in,unknown,worker exposed to unguarded rotating machinery,electrical energy,grinding machinery,inappropriate positioning / procedure non-compliance,unknown,machine guarding,"machine guard removed, missing, or bypassed",severe / fatal caught-in or struck-by injury,1,grinding machine operated with guard removed
REP-SAFE-d2aca1eb,pair_0114,safety_observation,"During machinery operation / grinding on grinding machinery, factory guard installed & inspect before use was in place. interlocked guard fully functional during grinding operation.",machinery operation / grinding,rotating machinery / caught-in,unknown,interlocked guard fully functional during grinding operation,electrical energy,grinding machinery,procedure compliance,unknown,factory guard installed & inspect before use,none,no consequence / controlled operation,0,Safe operation: factory guard installed & inspect before use
REP-SIF-d459ead4,pair_0115,near_miss,"During lifting operation on crane / lifting equipment, workers standing under suspended crane load without barricaded drop zone.",lifting operation,suspended load / struck-by,unknown,worker in line of fire under suspended load,potential kinetic / gravitational energy,crane / lifting equipment,inappropriate positioning / procedure non-compliance,unknown,exclusion zone / barricading,exclusion zone or barricading missing/breached,fatal crush / severe blunt force trauma,1,workers standing under suspended crane load without barricaded drop zone
REP-SAFE-1cea7c97,pair_0115,near_miss,"During lifting operation on crane / lifting equipment, barricaded exclusion zone & tag lines used was in place. workers stationed outside drop radius using tag lines.",lifting operation,suspended load / struck-by,unknown,workers stationed outside drop radius using tag lines,potential kinetic / gravitational energy,crane / lifting equipment,procedure compliance,unknown,barricaded exclusion zone & tag lines used,none,no consequence / controlled operation,0,Safe operation: barricaded exclusion zone & tag lines used
REP-SIF-7814935e,pair_0116,unsafe_act,"During confined space entry on vessel / container / process line, untested confined space entry with acute H2S toxicity risk.",confined space entry,toxic gas / hazardous atmosphere,hydrogen sulfide (h2s),worker exposed to toxic gas / oxygen deficiency,chemical / toxic gas energy,vessel / container / process line,inappropriate positioning / procedure non-compliance,confined space atmosphere,atmospheric testing,atmospheric testing missing or not performed,fatal asphyxiation / acute toxicity poisoning,1,untested confined space entry with acute H2S toxicity risk
REP-SAFE-f3aafb60,pair_0116,near_miss,"During confined space entry on vessel / container / process line, atmospheric testing completed & verified was in place. safe atmospheric conditions verified prior to entry.",confined space entry,toxic gas / hazardous atmosphere,hydrogen sulfide (h2s),safe atmospheric conditions verified prior to entry,chemical / toxic gas energy,vessel / container / process line,procedure compliance,confined space atmosphere,atmospheric testing completed & verified,none,no consequence / controlled operation,0,Safe operation: atmospheric testing completed & verified
REP-SIF-c9b13249,pair_0117,unsafe_act,"During vehicle / pedestrian interaction on heavy transport truck, pedestrians allowed to enter un-barricaded vehicle operating zone.",vehicle / pedestrian interaction,vehicle-pedestrian interaction / struck-by,unknown,pedestrian exposed to moving vehicle,vehicle kinetic energy,heavy transport truck,inappropriate positioning / procedure non-compliance,unknown,exclusion zone / barricading,exclusion zone or barricading missing/breached,fatal struck-by / crush injury,1,pedestrians allowed to enter un-barricaded vehicle operating zone
REP-SAFE-543f5158,pair_0117,near_miss,"During vehicle / pedestrian interaction on heavy transport truck, physical pedestrian walkways & spotter was in place. designated pedestrian walkways separated by steel crash barriers.",vehicle / pedestrian interaction,vehicle-pedestrian interaction / struck-by,unknown,designated pedestrian walkways separated by steel crash barriers,vehicle kinetic energy,heavy transport truck,procedure compliance,unknown,physical pedestrian walkways & spotter,none,no consequence / controlled operation,0,Safe operation: physical pedestrian walkways & spotter
REP-SIF-75038120,pair_0118,near_miss,"During vehicle / pedestrian interaction on heavy transport truck, pedestrians allowed to enter un-barricaded vehicle operating zone.",vehicle / pedestrian interaction,vehicle-pedestrian interaction / struck-by,unknown,pedestrian exposed to moving vehicle,vehicle kinetic energy,heavy transport truck,inappropriate positioning / procedure non-compliance,unknown,exclusion zone / barricading,exclusion zone or barricading missing/breached,fatal struck-by / crush injury,1,pedestrians allowed to enter un-barricaded vehicle operating zone
REP-SAFE-6285979a,pair_0118,safety_observation,"During vehicle / pedestrian interaction on heavy transport truck, physical pedestrian walkways & spotter was in place. designated pedestrian walkways separated by steel crash barriers.",vehicle / pedestrian interaction,vehicle-pedestrian interaction / struck-by,unknown,designated pedestrian walkways separated by steel crash barriers,vehicle kinetic energy,heavy transport truck,procedure compliance,unknown,physical pedestrian walkways & spotter,none,no consequence / controlled operation,0,Safe operation: physical pedestrian walkways & spotter
REP-SIF-be127971,pair_0119,unsafe_act,"During pressurized system maintenance on centrifugal pump, flange opened on pressurized line without zero-pressure verification.",pressurized system maintenance,pressure release,hydrocarbons / flammable gas,worker exposed to hazardous pressure release,pressurized fluid / gas energy,centrifugal pump,inappropriate positioning / procedure non-compliance,unknown,pressure isolation / depressurization,pressure isolation or zero-energy verification not confirmed,severe / fatal pressure release & impact injury,1,flange opened on pressurized line without zero-pressure verification
REP-SAFE-a53438cc,pair_0119,safety_observation,"During pressurized system maintenance on centrifugal pump, pressure isolation & depressurization verified was in place. zero residual pressure confirmed before opening line.",pressurized system maintenance,pressure release,hydrocarbons / flammable gas,zero residual pressure confirmed before opening line,pressurized fluid / gas energy,centrifugal pump,procedure compliance,unknown,pressure isolation & depressurization verified,none,no consequence / controlled operation,0,Safe operation: pressure isolation & depressurization verified
REP-SIF-cc90ec3c,pair_0120,near_miss,"During vehicle / pedestrian interaction on heavy transport truck, pedestrians allowed to enter un-barricaded vehicle operating zone.",vehicle / pedestrian interaction,vehicle-pedestrian interaction / struck-by,unknown,pedestrian exposed to moving vehicle,vehicle kinetic energy,heavy transport truck,inappropriate positioning / procedure non-compliance,unknown,exclusion zone / barricading,exclusion zone or barricading missing/breached,fatal struck-by / crush injury,1,pedestrians allowed to enter un-barricaded vehicle operating zone
REP-SAFE-c30d1131,pair_0120,near_miss,"During vehicle / pedestrian interaction on heavy transport truck, physical pedestrian walkways & spotter was in place. designated pedestrian walkways separated by steel crash barriers.",vehicle / pedestrian interaction,vehicle-pedestrian interaction / struck-by,unknown,designated pedestrian walkways separated by steel crash barriers,vehicle kinetic energy,heavy transport truck,procedure compliance,unknown,physical pedestrian walkways & spotter,none,no consequence / controlled operation,0,Safe operation: physical pedestrian walkways & spotter
REP-SIF-c2ec8a8f,pair_0121,near_miss,"During vehicle / pedestrian interaction on heavy transport truck, pedestrians allowed to enter un-barricaded vehicle operating zone.",vehicle / pedestrian interaction,vehicle-pedestrian interaction / struck-by,unknown,pedestrian exposed to moving vehicle,vehicle kinetic energy,heavy transport truck,inappropriate positioning / procedure non-compliance,unknown,exclusion zone / barricading,exclusion zone or barricading missing/breached,fatal struck-by / crush injury,1,pedestrians allowed to enter un-barricaded vehicle operating zone
REP-SAFE-16a7bcdc,pair_0121,near_miss,"During vehicle / pedestrian interaction on heavy transport truck, physical pedestrian walkways & spotter was in place. designated pedestrian walkways separated by steel crash barriers.",vehicle / pedestrian interaction,vehicle-pedestrian interaction / struck-by,unknown,designated pedestrian walkways separated by steel crash barriers,vehicle kinetic energy,heavy transport truck,procedure compliance,unknown,physical pedestrian walkways & spotter,none,no consequence / controlled operation,0,Safe operation: physical pedestrian walkways & spotter
REP-SIF-5789e85c,pair_0122,near_miss,"During confined space entry on vessel / container / process line, untested confined space entry with acute H2S toxicity risk.",confined space entry,toxic gas / hazardous atmosphere,hydrogen sulfide (h2s),worker exposed to toxic gas / oxygen deficiency,chemical / toxic gas energy,vessel / container / process line,inappropriate positioning / procedure non-compliance,confined space atmosphere,atmospheric testing,atmospheric testing missing or not performed,fatal asphyxiation / acute toxicity poisoning,1,untested confined space entry with acute H2S toxicity risk
REP-SAFE-47f647c6,pair_0122,near_miss,"During confined space entry on vessel / container / process line, atmospheric testing completed & verified was in place. safe atmospheric conditions verified prior to entry.",confined space entry,toxic gas / hazardous atmosphere,hydrogen sulfide (h2s),safe atmospheric conditions verified prior to entry,chemical / toxic gas energy,vessel / container / process line,procedure compliance,confined space atmosphere,atmospheric testing completed & verified,none,no consequence / controlled operation,0,Safe operation: atmospheric testing completed & verified
REP-SIF-84aceab0,pair_0123,near_miss,"During lifting operation on crane / lifting equipment, workers standing under suspended crane load without barricaded drop zone.",lifting operation,suspended load / struck-by,unknown,worker in line of fire under suspended load,potential kinetic / gravitational energy,crane / lifting equipment,inappropriate positioning / procedure non-compliance,unknown,exclusion zone / barricading,exclusion zone or barricading missing/breached,fatal crush / severe blunt force trauma,1,workers standing under suspended crane load without barricaded drop zone
REP-SAFE-446c8af0,pair_0123,near_miss,"During lifting operation on crane / lifting equipment, barricaded exclusion zone & tag lines used was in place. workers stationed outside drop radius using tag lines.",lifting operation,suspended load / struck-by,unknown,workers stationed outside drop radius using tag lines,potential kinetic / gravitational energy,crane / lifting equipment,procedure compliance,unknown,barricaded exclusion zone & tag lines used,none,no consequence / controlled operation,0,Safe operation: barricaded exclusion zone & tag lines used
REP-SIF-77eec1bc,pair_0124,unsafe_act,"During work at height on scaffold / elevated platform / ladder, work at 8m height on elevated platform without harness 100% tie-off.",work at height,fall from height,unknown,worker exposed to unprotected fall hazard,potential kinetic / gravitational energy,scaffold / elevated platform / ladder,inappropriate positioning / procedure non-compliance,elevated work location,fall protection system,fall protection missing or not used,fatal fall from elevation,1,work at 8m height on elevated platform without harness 100% tie-off
REP-SAFE-90dbf852,pair_0124,safety_observation,"During work at height on scaffold / elevated platform / ladder, 100% harness tie-off & lifeline system was in place. worker fully secured with dual-leg shock-absorbing lanyards.",work at height,fall from height,unknown,worker fully secured with dual-leg shock-absorbing lanyards,potential kinetic / gravitational energy,scaffold / elevated platform / ladder,procedure compliance,elevated work location,100% harness tie-off & lifeline system,none,no consequence / controlled operation,0,Safe operation: 100% harness tie-off & lifeline system
REP-SIF-131fb4f9,pair_0125,incident,"During pressurized system maintenance on centrifugal pump, flange opened on pressurized line without zero-pressure verification.",pressurized system maintenance,pressure release,hydrocarbons / flammable gas,worker exposed to hazardous pressure release,pressurized fluid / gas energy,centrifugal pump,inappropriate positioning / procedure non-compliance,unknown,pressure isolation / depressurization,pressure isolation or zero-energy verification not confirmed,severe / fatal pressure release & impact injury,1,flange opened on pressurized line without zero-pressure verification
REP-SAFE-ba00e967,pair_0125,near_miss,"During pressurized system maintenance on centrifugal pump, pressure isolation & depressurization verified was in place. zero residual pressure confirmed before opening line.",pressurized system maintenance,pressure release,hydrocarbons / flammable gas,zero residual pressure confirmed before opening line,pressurized fluid / gas energy,centrifugal pump,procedure compliance,unknown,pressure isolation & depressurization verified,none,no consequence / controlled operation,0,Safe operation: pressure isolation & depressurization verified
REP-SIF-cd985518,pair_0126,near_miss,"During confined space entry on vessel / container / process line, untested confined space entry with acute H2S toxicity risk.",confined space entry,toxic gas / hazardous atmosphere,hydrogen sulfide (h2s),worker exposed to toxic gas / oxygen deficiency,chemical / toxic gas energy,vessel / container / process line,inappropriate positioning / procedure non-compliance,confined space atmosphere,atmospheric testing,atmospheric testing missing or not performed,fatal asphyxiation / acute toxicity poisoning,1,untested confined space entry with acute H2S toxicity risk
REP-SAFE-c1bc0c1c,pair_0126,safety_observation,"During confined space entry on vessel / container / process line, atmospheric testing completed & verified was in place. safe atmospheric conditions verified prior to entry.",confined space entry,toxic gas / hazardous atmosphere,hydrogen sulfide (h2s),safe atmospheric conditions verified prior to entry,chemical / toxic gas energy,vessel / container / process line,procedure compliance,confined space atmosphere,atmospheric testing completed & verified,none,no consequence / controlled operation,0,Safe operation: atmospheric testing completed & verified
REP-SIF-cc54cba2,pair_0127,incident,"During confined space entry on vessel / container / process line, untested confined space entry with acute H2S toxicity risk.",confined space entry,toxic gas / hazardous atmosphere,hydrogen sulfide (h2s),worker exposed to toxic gas / oxygen deficiency,chemical / toxic gas energy,vessel / container / process line,inappropriate positioning / procedure non-compliance,confined space atmosphere,atmospheric testing,atmospheric testing missing or not performed,fatal asphyxiation / acute toxicity poisoning,1,untested confined space entry with acute H2S toxicity risk
REP-SAFE-72a85764,pair_0127,safety_observation,"During confined space entry on vessel / container / process line, atmospheric testing completed & verified was in place. safe atmospheric conditions verified prior to entry.",confined space entry,toxic gas / hazardous atmosphere,hydrogen sulfide (h2s),safe atmospheric conditions verified prior to entry,chemical / toxic gas energy,vessel / container / process line,procedure compliance,confined space atmosphere,atmospheric testing completed & verified,none,no consequence / controlled operation,0,Safe operation: atmospheric testing completed & verified
REP-SIF-22cb00f6,pair_0128,unsafe_act,"During confined space entry on vessel / container / process line, untested confined space entry with acute H2S toxicity risk.",confined space entry,toxic gas / hazardous atmosphere,hydrogen sulfide (h2s),worker exposed to toxic gas / oxygen deficiency,chemical / toxic gas energy,vessel / container / process line,inappropriate positioning / procedure non-compliance,confined space atmosphere,atmospheric testing,atmospheric testing missing or not performed,fatal asphyxiation / acute toxicity poisoning,1,untested confined space entry with acute H2S toxicity risk
REP-SAFE-586076a3,pair_0128,near_miss,"During confined space entry on vessel / container / process line, atmospheric testing completed & verified was in place. safe atmospheric conditions verified prior to entry.",confined space entry,toxic gas / hazardous atmosphere,hydrogen sulfide (h2s),safe atmospheric conditions verified prior to entry,chemical / toxic gas energy,vessel / container / process line,procedure compliance,confined space atmosphere,atmospheric testing completed & verified,none,no consequence / controlled operation,0,Safe operation: atmospheric testing completed & verified
REP-SIF-82f43da5,pair_0129,unsafe_act,"During hot work on vessel / container / process line, welding near hydrocarbon lines without required gas test or valid hot work permit.",hot work,fire / explosion / flammable atmosphere,hydrocarbons / flammable gas,worker exposed to flammable vapor ignition,chemical / toxic gas energy,vessel / container / process line,inappropriate positioning / procedure non-compliance,unknown,gas testing,required gas testing missing or not completed,fatal burns / blast trauma,1,welding near hydrocarbon lines without required gas test or valid hot work permit
REP-SAFE-2493af73,pair_0129,safety_observation,"During hot work on vessel / container / process line, continuous LEL monitoring & hot work permit was in place. continuous LEL reading 0.0% verified before torch ignition.",hot work,fire / explosion / flammable atmosphere,hydrocarbons / flammable gas,continuous LEL reading 0.0% verified before torch ignition,chemical / toxic gas energy,vessel / container / process line,procedure compliance,unknown,continuous LEL monitoring & hot work permit,none,no consequence / controlled operation,0,Safe operation: continuous LEL monitoring & hot work permit
REP-SIF-a7535d34,pair_0130,near_miss,"During machinery operation / grinding on grinding machinery, grinding machine operated with guard removed.",machinery operation / grinding,rotating machinery / caught-in,unknown,worker exposed to unguarded rotating machinery,electrical energy,grinding machinery,inappropriate positioning / procedure non-compliance,unknown,machine guarding,"machine guard removed, missing, or bypassed",severe / fatal caught-in or struck-by injury,1,grinding machine operated with guard removed
REP-SAFE-dbc3019c,pair_0130,safety_observation,"During machinery operation / grinding on grinding machinery, factory guard installed & inspect before use was in place. interlocked guard fully functional during grinding operation.",machinery operation / grinding,rotating machinery / caught-in,unknown,interlocked guard fully functional during grinding operation,electrical energy,grinding machinery,procedure compliance,unknown,factory guard installed & inspect before use,none,no consequence / controlled operation,0,Safe operation: factory guard installed & inspect before use
REP-SIF-38cda2b0,pair_0131,near_miss,"During hot work on vessel / container / process line, welding near hydrocarbon lines without required gas test or valid hot work permit.",hot work,fire / explosion / flammable atmosphere,hydrocarbons / flammable gas,worker exposed to flammable vapor ignition,chemical / toxic gas energy,vessel / container / process line,inappropriate positioning / procedure non-compliance,unknown,gas testing,required gas testing missing or not completed,fatal burns / blast trauma,1,welding near hydrocarbon lines without required gas test or valid hot work permit
REP-SAFE-94a76f89,pair_0131,near_miss,"During hot work on vessel / container / process line, continuous LEL monitoring & hot work permit was in place. continuous LEL reading 0.0% verified before torch ignition.",hot work,fire / explosion / flammable atmosphere,hydrocarbons / flammable gas,continuous LEL reading 0.0% verified before torch ignition,chemical / toxic gas energy,vessel / container / process line,procedure compliance,unknown,continuous LEL monitoring & hot work permit,none,no consequence / controlled operation,0,Safe operation: continuous LEL monitoring & hot work permit
REP-SIF-05f10f02,pair_0132,near_miss,"During work at height on scaffold / elevated platform / ladder, work at 8m height on elevated platform without harness 100% tie-off.",work at height,fall from height,unknown,worker exposed to unprotected fall hazard,potential kinetic / gravitational energy,scaffold / elevated platform / ladder,inappropriate positioning / procedure non-compliance,elevated work location,fall protection system,fall protection missing or not used,fatal fall from elevation,1,work at 8m height on elevated platform without harness 100% tie-off
REP-SAFE-29812b6d,pair_0132,near_miss,"During work at height on scaffold / elevated platform / ladder, 100% harness tie-off & lifeline system was in place. worker fully secured with dual-leg shock-absorbing lanyards.",work at height,fall from height,unknown,worker fully secured with dual-leg shock-absorbing lanyards,potential kinetic / gravitational energy,scaffold / elevated platform / ladder,procedure compliance,elevated work location,100% harness tie-off & lifeline system,none,no consequence / controlled operation,0,Safe operation: 100% harness tie-off & lifeline system
REP-SIF-69682866,pair_0133,incident,"During lifting operation on crane / lifting equipment, workers standing under suspended crane load without barricaded drop zone.",lifting operation,suspended load / struck-by,unknown,worker in line of fire under suspended load,potential kinetic / gravitational energy,crane / lifting equipment,inappropriate positioning / procedure non-compliance,unknown,exclusion zone / barricading,exclusion zone or barricading missing/breached,fatal crush / severe blunt force trauma,1,workers standing under suspended crane load without barricaded drop zone
REP-SAFE-93c9788e,pair_0133,safety_observation,"During lifting operation on crane / lifting equipment, barricaded exclusion zone & tag lines used was in place. workers stationed outside drop radius using tag lines.",lifting operation,suspended load / struck-by,unknown,workers stationed outside drop radius using tag lines,potential kinetic / gravitational energy,crane / lifting equipment,procedure compliance,unknown,barricaded exclusion zone & tag lines used,none,no consequence / controlled operation,0,Safe operation: barricaded exclusion zone & tag lines used
REP-SIF-d7af77cc,pair_0134,near_miss,"During work at height on scaffold / elevated platform / ladder, work at 8m height on elevated platform without harness 100% tie-off.",work at height,fall from height,unknown,worker exposed to unprotected fall hazard,potential kinetic / gravitational energy,scaffold / elevated platform / ladder,inappropriate positioning / procedure non-compliance,elevated work location,fall protection system,fall protection missing or not used,fatal fall from elevation,1,work at 8m height on elevated platform without harness 100% tie-off
REP-SAFE-b321a476,pair_0134,safety_observation,"During work at height on scaffold / elevated platform / ladder, 100% harness tie-off & lifeline system was in place. worker fully secured with dual-leg shock-absorbing lanyards.",work at height,fall from height,unknown,worker fully secured with dual-leg shock-absorbing lanyards,potential kinetic / gravitational energy,scaffold / elevated platform / ladder,procedure compliance,elevated work location,100% harness tie-off & lifeline system,none,no consequence / controlled operation,0,Safe operation: 100% harness tie-off & lifeline system
REP-SIF-6814cbf9,pair_0135,incident,"During hot work on vessel / container / process line, welding near hydrocarbon lines without required gas test or valid hot work permit.",hot work,fire / explosion / flammable atmosphere,hydrocarbons / flammable gas,worker exposed to flammable vapor ignition,chemical / toxic gas energy,vessel / container / process line,inappropriate positioning / procedure non-compliance,unknown,gas testing,required gas testing missing or not completed,fatal burns / blast trauma,1,welding near hydrocarbon lines without required gas test or valid hot work permit
REP-SAFE-81d60576,pair_0135,near_miss,"During hot work on vessel / container / process line, continuous LEL monitoring & hot work permit was in place. continuous LEL reading 0.0% verified before torch ignition.",hot work,fire / explosion / flammable atmosphere,hydrocarbons / flammable gas,continuous LEL reading 0.0% verified before torch ignition,chemical / toxic gas energy,vessel / container / process line,procedure compliance,unknown,continuous LEL monitoring & hot work permit,none,no consequence / controlled operation,0,Safe operation: continuous LEL monitoring & hot work permit
REP-SIF-bcb093c2,pair_0136,incident,"During pressurized system maintenance on centrifugal pump, flange opened on pressurized line without zero-pressure verification.",pressurized system maintenance,pressure release,hydrocarbons / flammable gas,worker exposed to hazardous pressure release,pressurized fluid / gas energy,centrifugal pump,inappropriate positioning / procedure non-compliance,unknown,pressure isolation / depressurization,pressure isolation or zero-energy verification not confirmed,severe / fatal pressure release & impact injury,1,flange opened on pressurized line without zero-pressure verification
REP-SAFE-d9eb3bff,pair_0136,near_miss,"During pressurized system maintenance on centrifugal pump, pressure isolation & depressurization verified was in place. zero residual pressure confirmed before opening line.",pressurized system maintenance,pressure release,hydrocarbons / flammable gas,zero residual pressure confirmed before opening line,pressurized fluid / gas energy,centrifugal pump,procedure compliance,unknown,pressure isolation & depressurization verified,none,no consequence / controlled operation,0,Safe operation: pressure isolation & depressurization verified
REP-SIF-c50127ba,pair_0137,incident,"During vehicle / pedestrian interaction on heavy transport truck, pedestrians allowed to enter un-barricaded vehicle operating zone.",vehicle / pedestrian interaction,vehicle-pedestrian interaction / struck-by,unknown,pedestrian exposed to moving vehicle,vehicle kinetic energy,heavy transport truck,inappropriate positioning / procedure non-compliance,unknown,exclusion zone / barricading,exclusion zone or barricading missing/breached,fatal struck-by / crush injury,1,pedestrians allowed to enter un-barricaded vehicle operating zone
REP-SAFE-797a9cfa,pair_0137,near_miss,"During vehicle / pedestrian interaction on heavy transport truck, physical pedestrian walkways & spotter was in place. designated pedestrian walkways separated by steel crash barriers.",vehicle / pedestrian interaction,vehicle-pedestrian interaction / struck-by,unknown,designated pedestrian walkways separated by steel crash barriers,vehicle kinetic energy,heavy transport truck,procedure compliance,unknown,physical pedestrian walkways & spotter,none,no consequence / controlled operation,0,Safe operation: physical pedestrian walkways & spotter
REP-SIF-6ba9b938,pair_0138,near_miss,"During pressurized system maintenance on centrifugal pump, centrifugal pump maintenance started without LOTO or electrical isolation.",pressurized system maintenance,pressure release / energy isolation,unknown,worker exposed to energized machinery / unverified LOTO,electrical energy,centrifugal pump,inappropriate positioning / procedure non-compliance,unknown,energy isolation (LOTO),"energy isolation bypassed, missing, or not verified",severe / fatal electrical shock or caught-in injury,1,centrifugal pump maintenance started without LOTO or electrical isolation
REP-SAFE-80aeec5c,pair_0138,near_miss,"During pressurized system maintenance on centrifugal pump, energy isolation (LOTO) & breaker locked out was in place. equipment isolated and LOTO verified before maintenance.",pressurized system maintenance,pressure release / energy isolation,unknown,equipment isolated and LOTO verified before maintenance,electrical energy,centrifugal pump,procedure compliance,unknown,energy isolation (LOTO) & breaker locked out,none,no consequence / controlled operation,0,Safe operation: energy isolation (LOTO) & breaker locked out
REP-SIF-530b70c0,pair_0139,unsafe_act,"During confined space entry on vessel / container / process line, untested confined space entry with acute H2S toxicity risk.",confined space entry,toxic gas / hazardous atmosphere,hydrogen sulfide (h2s),worker exposed to toxic gas / oxygen deficiency,chemical / toxic gas energy,vessel / container / process line,inappropriate positioning / procedure non-compliance,confined space atmosphere,atmospheric testing,atmospheric testing missing or not performed,fatal asphyxiation / acute toxicity poisoning,1,untested confined space entry with acute H2S toxicity risk
REP-SAFE-fb9cfdac,pair_0139,near_miss,"During confined space entry on vessel / container / process line, atmospheric testing completed & verified was in place. safe atmospheric conditions verified prior to entry.",confined space entry,toxic gas / hazardous atmosphere,hydrogen sulfide (h2s),safe atmospheric conditions verified prior to entry,chemical / toxic gas energy,vessel / container / process line,procedure compliance,confined space atmosphere,atmospheric testing completed & verified,none,no consequence / controlled operation,0,Safe operation: atmospheric testing completed & verified
REP-SIF-12431f34,pair_0140,near_miss,"During pressurized system maintenance on centrifugal pump, centrifugal pump maintenance started without LOTO or electrical isolation.",pressurized system maintenance,pressure release / energy isolation,unknown,worker exposed to energized machinery / unverified LOTO,electrical energy,centrifugal pump,inappropriate positioning / procedure non-compliance,unknown,energy isolation (LOTO),"energy isolation bypassed, missing, or not verified",severe / fatal electrical shock or caught-in injury,1,centrifugal pump maintenance started without LOTO or electrical isolation
REP-SAFE-697c4204,pair_0140,near_miss,"During pressurized system maintenance on centrifugal pump, energy isolation (LOTO) & breaker locked out was in place. equipment isolated and LOTO verified before maintenance.",pressurized system maintenance,pressure release / energy isolation,unknown,equipment isolated and LOTO verified before maintenance,electrical energy,centrifugal pump,procedure compliance,unknown,energy isolation (LOTO) & breaker locked out,none,no consequence / controlled operation,0,Safe operation: energy isolation (LOTO) & breaker locked out
REP-SIF-6b838cfe,pair_0141,unsafe_act,"During lifting operation on crane / lifting equipment, workers standing under suspended crane load without barricaded drop zone.",lifting operation,suspended load / struck-by,unknown,worker in line of fire under suspended load,potential kinetic / gravitational energy,crane / lifting equipment,inappropriate positioning / procedure non-compliance,unknown,exclusion zone / barricading,exclusion zone or barricading missing/breached,fatal crush / severe blunt force trauma,1,workers standing under suspended crane load without barricaded drop zone
REP-SAFE-64ad4f3d,pair_0141,near_miss,"During lifting operation on crane / lifting equipment, barricaded exclusion zone & tag lines used was in place. workers stationed outside drop radius using tag lines.",lifting operation,suspended load / struck-by,unknown,workers stationed outside drop radius using tag lines,potential kinetic / gravitational energy,crane / lifting equipment,procedure compliance,unknown,barricaded exclusion zone & tag lines used,none,no consequence / controlled operation,0,Safe operation: barricaded exclusion zone & tag lines used
REP-SIF-3e4ca390,pair_0142,unsafe_act,"During hot work on vessel / container / process line, welding near hydrocarbon lines without required gas test or valid hot work permit.",hot work,fire / explosion / flammable atmosphere,hydrocarbons / flammable gas,worker exposed to flammable vapor ignition,chemical / toxic gas energy,vessel / container / process line,inappropriate positioning / procedure non-compliance,unknown,gas testing,required gas testing missing or not completed,fatal burns / blast trauma,1,welding near hydrocarbon lines without required gas test or valid hot work permit
REP-SAFE-bbdb2acc,pair_0142,safety_observation,"During hot work on vessel / container / process line, continuous LEL monitoring & hot work permit was in place. continuous LEL reading 0.0% verified before torch ignition.",hot work,fire / explosion / flammable atmosphere,hydrocarbons / flammable gas,continuous LEL reading 0.0% verified before torch ignition,chemical / toxic gas energy,vessel / container / process line,procedure compliance,unknown,continuous LEL monitoring & hot work permit,none,no consequence / controlled operation,0,Safe operation: continuous LEL monitoring & hot work permit
REP-SIF-27803872,pair_0143,unsafe_act,"During hot work on vessel / container / process line, welding near hydrocarbon lines without required gas test or valid hot work permit.",hot work,fire / explosion / flammable atmosphere,hydrocarbons / flammable gas,worker exposed to flammable vapor ignition,chemical / toxic gas energy,vessel / container / process line,inappropriate positioning / procedure non-compliance,unknown,gas testing,required gas testing missing or not completed,fatal burns / blast trauma,1,welding near hydrocarbon lines without required gas test or valid hot work permit
REP-SAFE-fbc4295c,pair_0143,safety_observation,"During hot work on vessel / container / process line, continuous LEL monitoring & hot work permit was in place. continuous LEL reading 0.0% verified before torch ignition.",hot work,fire / explosion / flammable atmosphere,hydrocarbons / flammable gas,continuous LEL reading 0.0% verified before torch ignition,chemical / toxic gas energy,vessel / container / process line,procedure compliance,unknown,continuous LEL monitoring & hot work permit,none,no consequence / controlled operation,0,Safe operation: continuous LEL monitoring & hot work permit
REP-SIF-ee6071e1,pair_0144,near_miss,"During machinery operation / grinding on grinding machinery, grinding machine operated with guard removed.",machinery operation / grinding,rotating machinery / caught-in,unknown,worker exposed to unguarded rotating machinery,electrical energy,grinding machinery,inappropriate positioning / procedure non-compliance,unknown,machine guarding,"machine guard removed, missing, or bypassed",severe / fatal caught-in or struck-by injury,1,grinding machine operated with guard removed
REP-SAFE-8a3bcf24,pair_0144,near_miss,"During machinery operation / grinding on grinding machinery, factory guard installed & inspect before use was in place. interlocked guard fully functional during grinding operation.",machinery operation / grinding,rotating machinery / caught-in,unknown,interlocked guard fully functional during grinding operation,electrical energy,grinding machinery,procedure compliance,unknown,factory guard installed & inspect before use,none,no consequence / controlled operation,0,Safe operation: factory guard installed & inspect before use
REP-SIF-020b2ded,pair_0145,unsafe_act,"During pressurized system maintenance on centrifugal pump, centrifugal pump maintenance started without LOTO or electrical isolation.",pressurized system maintenance,pressure release / energy isolation,unknown,worker exposed to energized machinery / unverified LOTO,electrical energy,centrifugal pump,inappropriate positioning / procedure non-compliance,unknown,energy isolation (LOTO),"energy isolation bypassed, missing, or not verified",severe / fatal electrical shock or caught-in injury,1,centrifugal pump maintenance started without LOTO or electrical isolation
REP-SAFE-5f129972,pair_0145,safety_observation,"During pressurized system maintenance on centrifugal pump, energy isolation (LOTO) & breaker locked out was in place. equipment isolated and LOTO verified before maintenance.",pressurized system maintenance,pressure release / energy isolation,unknown,equipment isolated and LOTO verified before maintenance,electrical energy,centrifugal pump,procedure compliance,unknown,energy isolation (LOTO) & breaker locked out,none,no consequence / controlled operation,0,Safe operation: energy isolation (LOTO) & breaker locked out
REP-SIF-43c992ca,pair_0146,incident,"During lifting operation on crane / lifting equipment, workers standing under suspended crane load without barricaded drop zone.",lifting operation,suspended load / struck-by,unknown,worker in line of fire under suspended load,potential kinetic / gravitational energy,crane / lifting equipment,inappropriate positioning / procedure non-compliance,unknown,exclusion zone / barricading,exclusion zone or barricading missing/breached,fatal crush / severe blunt force trauma,1,workers standing under suspended crane load without barricaded drop zone
REP-SAFE-f342d9b8,pair_0146,safety_observation,"During lifting operation on crane / lifting equipment, barricaded exclusion zone & tag lines used was in place. workers stationed outside drop radius using tag lines.",lifting operation,suspended load / struck-by,unknown,workers stationed outside drop radius using tag lines,potential kinetic / gravitational energy,crane / lifting equipment,procedure compliance,unknown,barricaded exclusion zone & tag lines used,none,no consequence / controlled operation,0,Safe operation: barricaded exclusion zone & tag lines used
REP-SIF-f11e0f40,pair_0147,unsafe_act,"During lifting operation on crane / lifting equipment, workers standing under suspended crane load without barricaded drop zone.",lifting operation,suspended load / struck-by,unknown,worker in line of fire under suspended load,potential kinetic / gravitational energy,crane / lifting equipment,inappropriate positioning / procedure non-compliance,unknown,exclusion zone / barricading,exclusion zone or barricading missing/breached,fatal crush / severe blunt force trauma,1,workers standing under suspended crane load without barricaded drop zone
REP-SAFE-b2bc1c81,pair_0147,near_miss,"During lifting operation on crane / lifting equipment, barricaded exclusion zone & tag lines used was in place. workers stationed outside drop radius using tag lines.",lifting operation,suspended load / struck-by,unknown,workers stationed outside drop radius using tag lines,potential kinetic / gravitational energy,crane / lifting equipment,procedure compliance,unknown,barricaded exclusion zone & tag lines used,none,no consequence / controlled operation,0,Safe operation: barricaded exclusion zone & tag lines used
REP-SIF-b215b619,pair_0148,unsafe_act,"During pressurized system maintenance on centrifugal pump, flange opened on pressurized line without zero-pressure verification.",pressurized system maintenance,pressure release,hydrocarbons / flammable gas,worker exposed to hazardous pressure release,pressurized fluid / gas energy,centrifugal pump,inappropriate positioning / procedure non-compliance,unknown,pressure isolation / depressurization,pressure isolation or zero-energy verification not confirmed,severe / fatal pressure release & impact injury,1,flange opened on pressurized line without zero-pressure verification
REP-SAFE-22854eb0,pair_0148,near_miss,"During pressurized system maintenance on centrifugal pump, pressure isolation & depressurization verified was in place. zero residual pressure confirmed before opening line.",pressurized system maintenance,pressure release,hydrocarbons / flammable gas,zero residual pressure confirmed before opening line,pressurized fluid / gas energy,centrifugal pump,procedure compliance,unknown,pressure isolation & depressurization verified,none,no consequence / controlled operation,0,Safe operation: pressure isolation & depressurization verified
REP-SIF-e4347198,pair_0149,incident,"During vehicle / pedestrian interaction on heavy transport truck, pedestrians allowed to enter un-barricaded vehicle operating zone.",vehicle / pedestrian interaction,vehicle-pedestrian interaction / struck-by,unknown,pedestrian exposed to moving vehicle,vehicle kinetic energy,heavy transport truck,inappropriate positioning / procedure non-compliance,unknown,exclusion zone / barricading,exclusion zone or barricading missing/breached,fatal struck-by / crush injury,1,pedestrians allowed to enter un-barricaded vehicle operating zone
REP-SAFE-52f64038,pair_0149,near_miss,"During vehicle / pedestrian interaction on heavy transport truck, physical pedestrian walkways & spotter was in place. designated pedestrian walkways separated by steel crash barriers.",vehicle / pedestrian interaction,vehicle-pedestrian interaction / struck-by,unknown,designated pedestrian walkways separated by steel crash barriers,vehicle kinetic energy,heavy transport truck,procedure compliance,unknown,physical pedestrian walkways & spotter,none,no consequence / controlled operation,0,Safe operation: physical pedestrian walkways & spotter
REP-SIF-feca97a4,pair_0150,incident,"During lifting operation on crane / lifting equipment, workers standing under suspended crane load without barricaded drop zone.",lifting operation,suspended load / struck-by,unknown,worker in line of fire under suspended load,potential kinetic / gravitational energy,crane / lifting equipment,inappropriate positioning / procedure non-compliance,unknown,exclusion zone / barricading,exclusion zone or barricading missing/breached,fatal crush / severe blunt force trauma,1,workers standing under suspended crane load without barricaded drop zone
REP-SAFE-9db92f87,pair_0150,near_miss,"During lifting operation on crane / lifting equipment, barricaded exclusion zone & tag lines used was in place. workers stationed outside drop radius using tag lines.",lifting operation,suspended load / struck-by,unknown,workers stationed outside drop radius using tag lines,potential kinetic / gravitational energy,crane / lifting equipment,procedure compliance,unknown,barricaded exclusion zone & tag lines used,none,no consequence / controlled operation,0,Safe operation: barricaded exclusion zone & tag lines used
REP-SIF-ddca3298,pair_0151,near_miss,"During vehicle / pedestrian interaction on heavy transport truck, pedestrians allowed to enter un-barricaded vehicle operating zone.",vehicle / pedestrian interaction,vehicle-pedestrian interaction / struck-by,unknown,pedestrian exposed to moving vehicle,vehicle kinetic energy,heavy transport truck,inappropriate positioning / procedure non-compliance,unknown,exclusion zone / barricading,exclusion zone or barricading missing/breached,fatal struck-by / crush injury,1,pedestrians allowed to enter un-barricaded vehicle operating zone
REP-SAFE-3d84f2fc,pair_0151,safety_observation,"During vehicle / pedestrian interaction on heavy transport truck, physical pedestrian walkways & spotter was in place. designated pedestrian walkways separated by steel crash barriers.",vehicle / pedestrian interaction,vehicle-pedestrian interaction / struck-by,unknown,designated pedestrian walkways separated by steel crash barriers,vehicle kinetic energy,heavy transport truck,procedure compliance,unknown,physical pedestrian walkways & spotter,none,no consequence / controlled operation,0,Safe operation: physical pedestrian walkways & spotter
REP-SIF-1b0f37a7,pair_0152,unsafe_act,"During hot work on vessel / container / process line, welding near hydrocarbon lines without required gas test or valid hot work permit.",hot work,fire / explosion / flammable atmosphere,hydrocarbons / flammable gas,worker exposed to flammable vapor ignition,chemical / toxic gas energy,vessel / container / process line,inappropriate positioning / procedure non-compliance,unknown,gas testing,required gas testing missing or not completed,fatal burns / blast trauma,1,welding near hydrocarbon lines without required gas test or valid hot work permit
REP-SAFE-02505303,pair_0152,near_miss,"During hot work on vessel / container / process line, continuous LEL monitoring & hot work permit was in place. continuous LEL reading 0.0% verified before torch ignition.",hot work,fire / explosion / flammable atmosphere,hydrocarbons / flammable gas,continuous LEL reading 0.0% verified before torch ignition,chemical / toxic gas energy,vessel / container / process line,procedure compliance,unknown,continuous LEL monitoring & hot work permit,none,no consequence / controlled operation,0,Safe operation: continuous LEL monitoring & hot work permit
REP-SIF-f062beec,pair_0153,unsafe_act,"During confined space entry on vessel / container / process line, untested confined space entry with acute H2S toxicity risk.",confined space entry,toxic gas / hazardous atmosphere,hydrogen sulfide (h2s),worker exposed to toxic gas / oxygen deficiency,chemical / toxic gas energy,vessel / container / process line,inappropriate positioning / procedure non-compliance,confined space atmosphere,atmospheric testing,atmospheric testing missing or not performed,fatal asphyxiation / acute toxicity poisoning,1,untested confined space entry with acute H2S toxicity risk
REP-SAFE-cfbac9fe,pair_0153,near_miss,"During confined space entry on vessel / container / process line, atmospheric testing completed & verified was in place. safe atmospheric conditions verified prior to entry.",confined space entry,toxic gas / hazardous atmosphere,hydrogen sulfide (h2s),safe atmospheric conditions verified prior to entry,chemical / toxic gas energy,vessel / container / process line,procedure compliance,confined space atmosphere,atmospheric testing completed & verified,none,no consequence / controlled operation,0,Safe operation: atmospheric testing completed & verified
REP-SIF-08afec29,pair_0154,unsafe_act,"During hot work on vessel / container / process line, welding near hydrocarbon lines without required gas test or valid hot work permit.",hot work,fire / explosion / flammable atmosphere,hydrocarbons / flammable gas,worker exposed to flammable vapor ignition,chemical / toxic gas energy,vessel / container / process line,inappropriate positioning / procedure non-compliance,unknown,gas testing,required gas testing missing or not completed,fatal burns / blast trauma,1,welding near hydrocarbon lines without required gas test or valid hot work permit
REP-SAFE-74983a3b,pair_0154,safety_observation,"During hot work on vessel / container / process line, continuous LEL monitoring & hot work permit was in place. continuous LEL reading 0.0% verified before torch ignition.",hot work,fire / explosion / flammable atmosphere,hydrocarbons / flammable gas,continuous LEL reading 0.0% verified before torch ignition,chemical / toxic gas energy,vessel / container / process line,procedure compliance,unknown,continuous LEL monitoring & hot work permit,none,no consequence / controlled operation,0,Safe operation: continuous LEL monitoring & hot work permit
REP-SIF-ec973a8d,pair_0155,incident,"During machinery operation / grinding on grinding machinery, grinding machine operated with guard removed.",machinery operation / grinding,rotating machinery / caught-in,unknown,worker exposed to unguarded rotating machinery,electrical energy,grinding machinery,inappropriate positioning / procedure non-compliance,unknown,machine guarding,"machine guard removed, missing, or bypassed",severe / fatal caught-in or struck-by injury,1,grinding machine operated with guard removed
REP-SAFE-9eaf8006,pair_0155,safety_observation,"During machinery operation / grinding on grinding machinery, factory guard installed & inspect before use was in place. interlocked guard fully functional during grinding operation.",machinery operation / grinding,rotating machinery / caught-in,unknown,interlocked guard fully functional during grinding operation,electrical energy,grinding machinery,procedure compliance,unknown,factory guard installed & inspect before use,none,no consequence / controlled operation,0,Safe operation: factory guard installed & inspect before use
REP-SIF-c68a50bf,pair_0156,unsafe_act,"During hot work on vessel / container / process line, welding near hydrocarbon lines without required gas test or valid hot work permit.",hot work,fire / explosion / flammable atmosphere,hydrocarbons / flammable gas,worker exposed to flammable vapor ignition,chemical / toxic gas energy,vessel / container / process line,inappropriate positioning / procedure non-compliance,unknown,gas testing,required gas testing missing or not completed,fatal burns / blast trauma,1,welding near hydrocarbon lines without required gas test or valid hot work permit
REP-SAFE-747dbfd1,pair_0156,near_miss,"During hot work on vessel / container / process line, continuous LEL monitoring & hot work permit was in place. continuous LEL reading 0.0% verified before torch ignition.",hot work,fire / explosion / flammable atmosphere,hydrocarbons / flammable gas,continuous LEL reading 0.0% verified before torch ignition,chemical / toxic gas energy,vessel / container / process line,procedure compliance,unknown,continuous LEL monitoring & hot work permit,none,no consequence / controlled operation,0,Safe operation: continuous LEL monitoring & hot work permit
REP-SIF-bcab8eb6,pair_0157,incident,"During excavation work on excavation / trench, workers entered 2.5m deep un-shored unstable excavation.",excavation work,excavation collapse / cave-in,unknown,worker exposed to excavation collapse,potential kinetic / soil mass energy,excavation / trench,inappropriate positioning / procedure non-compliance,excavation wall instability,excavation protection,shoring / excavation protective system missing,fatal crush / burial,1,workers entered 2.5m deep un-shored unstable excavation
REP-SAFE-42cd2b32,pair_0157,near_miss,"During excavation work on excavation / trench, hydraulic shoring boxes & trench shield was in place. trench box installed & soil benching verified.",excavation work,excavation collapse / cave-in,unknown,trench box installed & soil benching verified,potential kinetic / soil mass energy,excavation / trench,procedure compliance,excavation wall instability,hydraulic shoring boxes & trench shield,none,no consequence / controlled operation,0,Safe operation: hydraulic shoring boxes & trench shield
REP-SIF-1020d9a9,pair_0158,unsafe_act,"During work at height on scaffold / elevated platform / ladder, work at 8m height on elevated platform without harness 100% tie-off.",work at height,fall from height,unknown,worker exposed to unprotected fall hazard,potential kinetic / gravitational energy,scaffold / elevated platform / ladder,inappropriate positioning / procedure non-compliance,elevated work location,fall protection system,fall protection missing or not used,fatal fall from elevation,1,work at 8m height on elevated platform without harness 100% tie-off
REP-SAFE-328fcd49,pair_0158,near_miss,"During work at height on scaffold / elevated platform / ladder, 100% harness tie-off & lifeline system was in place. worker fully secured with dual-leg shock-absorbing lanyards.",work at height,fall from height,unknown,worker fully secured with dual-leg shock-absorbing lanyards,potential kinetic / gravitational energy,scaffold / elevated platform / ladder,procedure compliance,elevated work location,100% harness tie-off & lifeline system,none,no consequence / controlled operation,0,Safe operation: 100% harness tie-off & lifeline system
REP-SIF-54750049,pair_0159,unsafe_act,"During confined space entry on vessel / container / process line, untested confined space entry with acute H2S toxicity risk.",confined space entry,toxic gas / hazardous atmosphere,hydrogen sulfide (h2s),worker exposed to toxic gas / oxygen deficiency,chemical / toxic gas energy,vessel / container / process line,inappropriate positioning / procedure non-compliance,confined space atmosphere,atmospheric testing,atmospheric testing missing or not performed,fatal asphyxiation / acute toxicity poisoning,1,untested confined space entry with acute H2S toxicity risk
REP-SAFE-d5bd1129,pair_0159,safety_observation,"During confined space entry on vessel / container / process line, atmospheric testing completed & verified was in place. safe atmospheric conditions verified prior to entry.",confined space entry,toxic gas / hazardous atmosphere,hydrogen sulfide (h2s),safe atmospheric conditions verified prior to entry,chemical / toxic gas energy,vessel / container / process line,procedure compliance,confined space atmosphere,atmospheric testing completed & verified,none,no consequence / controlled operation,0,Safe operation: atmospheric testing completed & verified
REP-SIF-96bfa60f,pair_0160,unsafe_act,"During machinery operation / grinding on grinding machinery, grinding machine operated with guard removed.",machinery operation / grinding,rotating machinery / caught-in,unknown,worker exposed to unguarded rotating machinery,electrical energy,grinding machinery,inappropriate positioning / procedure non-compliance,unknown,machine guarding,"machine guard removed, missing, or bypassed",severe / fatal caught-in or struck-by injury,1,grinding machine operated with guard removed
REP-SAFE-3ae53124,pair_0160,near_miss,"During machinery operation / grinding on grinding machinery, factory guard installed & inspect before use was in place. interlocked guard fully functional during grinding operation.",machinery operation / grinding,rotating machinery / caught-in,unknown,interlocked guard fully functional during grinding operation,electrical energy,grinding machinery,procedure compliance,unknown,factory guard installed & inspect before use,none,no consequence / controlled operation,0,Safe operation: factory guard installed & inspect before use
REP-SIF-9f082aba,pair_0161,near_miss,"During pressurized system maintenance on centrifugal pump, flange opened on pressurized line without zero-pressure verification.",pressurized system maintenance,pressure release,hydrocarbons / flammable gas,worker exposed to hazardous pressure release,pressurized fluid / gas energy,centrifugal pump,inappropriate positioning / procedure non-compliance,unknown,pressure isolation / depressurization,pressure isolation or zero-energy verification not confirmed,severe / fatal pressure release & impact injury,1,flange opened on pressurized line without zero-pressure verification
REP-SAFE-d509d980,pair_0161,near_miss,"During pressurized system maintenance on centrifugal pump, pressure isolation & depressurization verified was in place. zero residual pressure confirmed before opening line.",pressurized system maintenance,pressure release,hydrocarbons / flammable gas,zero residual pressure confirmed before opening line,pressurized fluid / gas energy,centrifugal pump,procedure compliance,unknown,pressure isolation & depressurization verified,none,no consequence / controlled operation,0,Safe operation: pressure isolation & depressurization verified
REP-SIF-f31d9f56,pair_0162,near_miss,"During work at height on scaffold / elevated platform / ladder, work at 8m height on elevated platform without harness 100% tie-off.",work at height,fall from height,unknown,worker exposed to unprotected fall hazard,potential kinetic / gravitational energy,scaffold / elevated platform / ladder,inappropriate positioning / procedure non-compliance,elevated work location,fall protection system,fall protection missing or not used,fatal fall from elevation,1,work at 8m height on elevated platform without harness 100% tie-off
REP-SAFE-61c36e2b,pair_0162,safety_observation,"During work at height on scaffold / elevated platform / ladder, 100% harness tie-off & lifeline system was in place. worker fully secured with dual-leg shock-absorbing lanyards.",work at height,fall from height,unknown,worker fully secured with dual-leg shock-absorbing lanyards,potential kinetic / gravitational energy,scaffold / elevated platform / ladder,procedure compliance,elevated work location,100% harness tie-off & lifeline system,none,no consequence / controlled operation,0,Safe operation: 100% harness tie-off & lifeline system
REP-SIF-b996ec2f,pair_0163,near_miss,"During pressurized system maintenance on centrifugal pump, centrifugal pump maintenance started without LOTO or electrical isolation.",pressurized system maintenance,pressure release / energy isolation,unknown,worker exposed to energized machinery / unverified LOTO,electrical energy,centrifugal pump,inappropriate positioning / procedure non-compliance,unknown,energy isolation (LOTO),"energy isolation bypassed, missing, or not verified",severe / fatal electrical shock or caught-in injury,1,centrifugal pump maintenance started without LOTO or electrical isolation
REP-SAFE-6d992974,pair_0163,safety_observation,"During pressurized system maintenance on centrifugal pump, energy isolation (LOTO) & breaker locked out was in place. equipment isolated and LOTO verified before maintenance.",pressurized system maintenance,pressure release / energy isolation,unknown,equipment isolated and LOTO verified before maintenance,electrical energy,centrifugal pump,procedure compliance,unknown,energy isolation (LOTO) & breaker locked out,none,no consequence / controlled operation,0,Safe operation: energy isolation (LOTO) & breaker locked out
REP-SIF-86d09b59,pair_0164,unsafe_act,"During excavation work on excavation / trench, workers entered 2.5m deep un-shored unstable excavation.",excavation work,excavation collapse / cave-in,unknown,worker exposed to excavation collapse,potential kinetic / soil mass energy,excavation / trench,inappropriate positioning / procedure non-compliance,excavation wall instability,excavation protection,shoring / excavation protective system missing,fatal crush / burial,1,workers entered 2.5m deep un-shored unstable excavation
REP-SAFE-dc66096b,pair_0164,safety_observation,"During excavation work on excavation / trench, hydraulic shoring boxes & trench shield was in place. trench box installed & soil benching verified.",excavation work,excavation collapse / cave-in,unknown,trench box installed & soil benching verified,potential kinetic / soil mass energy,excavation / trench,procedure compliance,excavation wall instability,hydraulic shoring boxes & trench shield,none,no consequence / controlled operation,0,Safe operation: hydraulic shoring boxes & trench shield
REP-SIF-4ddbd19d,pair_0165,incident,"During excavation work on excavation / trench, workers entered 2.5m deep un-shored unstable excavation.",excavation work,excavation collapse / cave-in,unknown,worker exposed to excavation collapse,potential kinetic / soil mass energy,excavation / trench,inappropriate positioning / procedure non-compliance,excavation wall instability,excavation protection,shoring / excavation protective system missing,fatal crush / burial,1,workers entered 2.5m deep un-shored unstable excavation
REP-SAFE-43425e0f,pair_0165,safety_observation,"During excavation work on excavation / trench, hydraulic shoring boxes & trench shield was in place. trench box installed & soil benching verified.",excavation work,excavation collapse / cave-in,unknown,trench box installed & soil benching verified,potential kinetic / soil mass energy,excavation / trench,procedure compliance,excavation wall instability,hydraulic shoring boxes & trench shield,none,no consequence / controlled operation,0,Safe operation: hydraulic shoring boxes & trench shield
REP-SIF-1891336e,pair_0166,incident,"During hot work on vessel / container / process line, welding near hydrocarbon lines without required gas test or valid hot work permit.",hot work,fire / explosion / flammable atmosphere,hydrocarbons / flammable gas,worker exposed to flammable vapor ignition,chemical / toxic gas energy,vessel / container / process line,inappropriate positioning / procedure non-compliance,unknown,gas testing,required gas testing missing or not completed,fatal burns / blast trauma,1,welding near hydrocarbon lines without required gas test or valid hot work permit
REP-SAFE-0ceaa960,pair_0166,near_miss,"During hot work on vessel / container / process line, continuous LEL monitoring & hot work permit was in place. continuous LEL reading 0.0% verified before torch ignition.",hot work,fire / explosion / flammable atmosphere,hydrocarbons / flammable gas,continuous LEL reading 0.0% verified before torch ignition,chemical / toxic gas energy,vessel / container / process line,procedure compliance,unknown,continuous LEL monitoring & hot work permit,none,no consequence / controlled operation,0,Safe operation: continuous LEL monitoring & hot work permit
REP-SIF-b16b6699,pair_0167,near_miss,"During work at height on scaffold / elevated platform / ladder, work at 8m height on elevated platform without harness 100% tie-off.",work at height,fall from height,unknown,worker exposed to unprotected fall hazard,potential kinetic / gravitational energy,scaffold / elevated platform / ladder,inappropriate positioning / procedure non-compliance,elevated work location,fall protection system,fall protection missing or not used,fatal fall from elevation,1,work at 8m height on elevated platform without harness 100% tie-off
REP-SAFE-1afa336a,pair_0167,safety_observation,"During work at height on scaffold / elevated platform / ladder, 100% harness tie-off & lifeline system was in place. worker fully secured with dual-leg shock-absorbing lanyards.",work at height,fall from height,unknown,worker fully secured with dual-leg shock-absorbing lanyards,potential kinetic / gravitational energy,scaffold / elevated platform / ladder,procedure compliance,elevated work location,100% harness tie-off & lifeline system,none,no consequence / controlled operation,0,Safe operation: 100% harness tie-off & lifeline system
REP-SIF-e2009cf5,pair_0168,incident,"During pressurized system maintenance on centrifugal pump, flange opened on pressurized line without zero-pressure verification.",pressurized system maintenance,pressure release,hydrocarbons / flammable gas,worker exposed to hazardous pressure release,pressurized fluid / gas energy,centrifugal pump,inappropriate positioning / procedure non-compliance,unknown,pressure isolation / depressurization,pressure isolation or zero-energy verification not confirmed,severe / fatal pressure release & impact injury,1,flange opened on pressurized line without zero-pressure verification
REP-SAFE-b0de47cb,pair_0168,safety_observation,"During pressurized system maintenance on centrifugal pump, pressure isolation & depressurization verified was in place. zero residual pressure confirmed before opening line.",pressurized system maintenance,pressure release,hydrocarbons / flammable gas,zero residual pressure confirmed before opening line,pressurized fluid / gas energy,centrifugal pump,procedure compliance,unknown,pressure isolation & depressurization verified,none,no consequence / controlled operation,0,Safe operation: pressure isolation & depressurization verified
REP-SIF-8af3b4f1,pair_0169,unsafe_act,"During confined space entry on vessel / container / process line, untested confined space entry with acute H2S toxicity risk.",confined space entry,toxic gas / hazardous atmosphere,hydrogen sulfide (h2s),worker exposed to toxic gas / oxygen deficiency,chemical / toxic gas energy,vessel / container / process line,inappropriate positioning / procedure non-compliance,confined space atmosphere,atmospheric testing,atmospheric testing missing or not performed,fatal asphyxiation / acute toxicity poisoning,1,untested confined space entry with acute H2S toxicity risk
REP-SAFE-7746e6f2,pair_0169,near_miss,"During confined space entry on vessel / container / process line, atmospheric testing completed & verified was in place. safe atmospheric conditions verified prior to entry.",confined space entry,toxic gas / hazardous atmosphere,hydrogen sulfide (h2s),safe atmospheric conditions verified prior to entry,chemical / toxic gas energy,vessel / container / process line,procedure compliance,confined space atmosphere,atmospheric testing completed & verified,none,no consequence / controlled operation,0,Safe operation: atmospheric testing completed & verified
REP-SIF-17d30a60,pair_0170,unsafe_act,"During pressurized system maintenance on centrifugal pump, centrifugal pump maintenance started without LOTO or electrical isolation.",pressurized system maintenance,pressure release / energy isolation,unknown,worker exposed to energized machinery / unverified LOTO,electrical energy,centrifugal pump,inappropriate positioning / procedure non-compliance,unknown,energy isolation (LOTO),"energy isolation bypassed, missing, or not verified",severe / fatal electrical shock or caught-in injury,1,centrifugal pump maintenance started without LOTO or electrical isolation
REP-SAFE-8959be78,pair_0170,safety_observation,"During pressurized system maintenance on centrifugal pump, energy isolation (LOTO) & breaker locked out was in place. equipment isolated and LOTO verified before maintenance.",pressurized system maintenance,pressure release / energy isolation,unknown,equipment isolated and LOTO verified before maintenance,electrical energy,centrifugal pump,procedure compliance,unknown,energy isolation (LOTO) & breaker locked out,none,no consequence / controlled operation,0,Safe operation: energy isolation (LOTO) & breaker locked out
REP-SIF-65b9a559,pair_0171,incident,"During pressurized system maintenance on centrifugal pump, flange opened on pressurized line without zero-pressure verification.",pressurized system maintenance,pressure release,hydrocarbons / flammable gas,worker exposed to hazardous pressure release,pressurized fluid / gas energy,centrifugal pump,inappropriate positioning / procedure non-compliance,unknown,pressure isolation / depressurization,pressure isolation or zero-energy verification not confirmed,severe / fatal pressure release & impact injury,1,flange opened on pressurized line without zero-pressure verification
REP-SAFE-cdd2a11a,pair_0171,safety_observation,"During pressurized system maintenance on centrifugal pump, pressure isolation & depressurization verified was in place. zero residual pressure confirmed before opening line.",pressurized system maintenance,pressure release,hydrocarbons / flammable gas,zero residual pressure confirmed before opening line,pressurized fluid / gas energy,centrifugal pump,procedure compliance,unknown,pressure isolation & depressurization verified,none,no consequence / controlled operation,0,Safe operation: pressure isolation & depressurization verified
REP-SIF-5b4bb311,pair_0172,unsafe_act,"During excavation work on excavation / trench, workers entered 2.5m deep un-shored unstable excavation.",excavation work,excavation collapse / cave-in,unknown,worker exposed to excavation collapse,potential kinetic / soil mass energy,excavation / trench,inappropriate positioning / procedure non-compliance,excavation wall instability,excavation protection,shoring / excavation protective system missing,fatal crush / burial,1,workers entered 2.5m deep un-shored unstable excavation
REP-SAFE-2ecb106f,pair_0172,near_miss,"During excavation work on excavation / trench, hydraulic shoring boxes & trench shield was in place. trench box installed & soil benching verified.",excavation work,excavation collapse / cave-in,unknown,trench box installed & soil benching verified,potential kinetic / soil mass energy,excavation / trench,procedure compliance,excavation wall instability,hydraulic shoring boxes & trench shield,none,no consequence / controlled operation,0,Safe operation: hydraulic shoring boxes & trench shield
REP-SIF-64bda9ed,pair_0173,unsafe_act,"During excavation work on excavation / trench, workers entered 2.5m deep un-shored unstable excavation.",excavation work,excavation collapse / cave-in,unknown,worker exposed to excavation collapse,potential kinetic / soil mass energy,excavation / trench,inappropriate positioning / procedure non-compliance,excavation wall instability,excavation protection,shoring / excavation protective system missing,fatal crush / burial,1,workers entered 2.5m deep un-shored unstable excavation
REP-SAFE-08a5831a,pair_0173,near_miss,"During excavation work on excavation / trench, hydraulic shoring boxes & trench shield was in place. trench box installed & soil benching verified.",excavation work,excavation collapse / cave-in,unknown,trench box installed & soil benching verified,potential kinetic / soil mass energy,excavation / trench,procedure compliance,excavation wall instability,hydraulic shoring boxes & trench shield,none,no consequence / controlled operation,0,Safe operation: hydraulic shoring boxes & trench shield
REP-SIF-ba133f50,pair_0174,incident,"During vehicle / pedestrian interaction on heavy transport truck, pedestrians allowed to enter un-barricaded vehicle operating zone.",vehicle / pedestrian interaction,vehicle-pedestrian interaction / struck-by,unknown,pedestrian exposed to moving vehicle,vehicle kinetic energy,heavy transport truck,inappropriate positioning / procedure non-compliance,unknown,exclusion zone / barricading,exclusion zone or barricading missing/breached,fatal struck-by / crush injury,1,pedestrians allowed to enter un-barricaded vehicle operating zone
REP-SAFE-2ee80bbe,pair_0174,safety_observation,"During vehicle / pedestrian interaction on heavy transport truck, physical pedestrian walkways & spotter was in place. designated pedestrian walkways separated by steel crash barriers.",vehicle / pedestrian interaction,vehicle-pedestrian interaction / struck-by,unknown,designated pedestrian walkways separated by steel crash barriers,vehicle kinetic energy,heavy transport truck,procedure compliance,unknown,physical pedestrian walkways & spotter,none,no consequence / controlled operation,0,Safe operation: physical pedestrian walkways & spotter
REP-SIF-9fca7e97,pair_0175,incident,"During excavation work on excavation / trench, workers entered 2.5m deep un-shored unstable excavation.",excavation work,excavation collapse / cave-in,unknown,worker exposed to excavation collapse,potential kinetic / soil mass energy,excavation / trench,inappropriate positioning / procedure non-compliance,excavation wall instability,excavation protection,shoring / excavation protective system missing,fatal crush / burial,1,workers entered 2.5m deep un-shored unstable excavation
REP-SAFE-7b5ba6b8,pair_0175,near_miss,"During excavation work on excavation / trench, hydraulic shoring boxes & trench shield was in place. trench box installed & soil benching verified.",excavation work,excavation collapse / cave-in,unknown,trench box installed & soil benching verified,potential kinetic / soil mass energy,excavation / trench,procedure compliance,excavation wall instability,hydraulic shoring boxes & trench shield,none,no consequence / controlled operation,0,Safe operation: hydraulic shoring boxes & trench shield
REP-SIF-79655374,pair_0176,unsafe_act,"During work at height on scaffold / elevated platform / ladder, work at 8m height on elevated platform without harness 100% tie-off.",work at height,fall from height,unknown,worker exposed to unprotected fall hazard,potential kinetic / gravitational energy,scaffold / elevated platform / ladder,inappropriate positioning / procedure non-compliance,elevated work location,fall protection system,fall protection missing or not used,fatal fall from elevation,1,work at 8m height on elevated platform without harness 100% tie-off
REP-SAFE-65d842d6,pair_0176,near_miss,"During work at height on scaffold / elevated platform / ladder, 100% harness tie-off & lifeline system was in place. worker fully secured with dual-leg shock-absorbing lanyards.",work at height,fall from height,unknown,worker fully secured with dual-leg shock-absorbing lanyards,potential kinetic / gravitational energy,scaffold / elevated platform / ladder,procedure compliance,elevated work location,100% harness tie-off & lifeline system,none,no consequence / controlled operation,0,Safe operation: 100% harness tie-off & lifeline system
REP-SIF-afeb69ba,pair_0177,incident,"During vehicle / pedestrian interaction on heavy transport truck, pedestrians allowed to enter un-barricaded vehicle operating zone.",vehicle / pedestrian interaction,vehicle-pedestrian interaction / struck-by,unknown,pedestrian exposed to moving vehicle,vehicle kinetic energy,heavy transport truck,inappropriate positioning / procedure non-compliance,unknown,exclusion zone / barricading,exclusion zone or barricading missing/breached,fatal struck-by / crush injury,1,pedestrians allowed to enter un-barricaded vehicle operating zone
REP-SAFE-fabb5109,pair_0177,safety_observation,"During vehicle / pedestrian interaction on heavy transport truck, physical pedestrian walkways & spotter was in place. designated pedestrian walkways separated by steel crash barriers.",vehicle / pedestrian interaction,vehicle-pedestrian interaction / struck-by,unknown,designated pedestrian walkways separated by steel crash barriers,vehicle kinetic energy,heavy transport truck,procedure compliance,unknown,physical pedestrian walkways & spotter,none,no consequence / controlled operation,0,Safe operation: physical pedestrian walkways & spotter
REP-SIF-22b4f330,pair_0178,incident,"During machinery operation / grinding on grinding machinery, grinding machine operated with guard removed.",machinery operation / grinding,rotating machinery / caught-in,unknown,worker exposed to unguarded rotating machinery,electrical energy,grinding machinery,inappropriate positioning / procedure non-compliance,unknown,machine guarding,"machine guard removed, missing, or bypassed",severe / fatal caught-in or struck-by injury,1,grinding machine operated with guard removed
REP-SAFE-2bf00ac8,pair_0178,safety_observation,"During machinery operation / grinding on grinding machinery, factory guard installed & inspect before use was in place. interlocked guard fully functional during grinding operation.",machinery operation / grinding,rotating machinery / caught-in,unknown,interlocked guard fully functional during grinding operation,electrical energy,grinding machinery,procedure compliance,unknown,factory guard installed & inspect before use,none,no consequence / controlled operation,0,Safe operation: factory guard installed & inspect before use
REP-SIF-cca52972,pair_0179,near_miss,"During machinery operation / grinding on grinding machinery, grinding machine operated with guard removed.",machinery operation / grinding,rotating machinery / caught-in,unknown,worker exposed to unguarded rotating machinery,electrical energy,grinding machinery,inappropriate positioning / procedure non-compliance,unknown,machine guarding,"machine guard removed, missing, or bypassed",severe / fatal caught-in or struck-by injury,1,grinding machine operated with guard removed
REP-SAFE-4a65bd63,pair_0179,near_miss,"During machinery operation / grinding on grinding machinery, factory guard installed & inspect before use was in place. interlocked guard fully functional during grinding operation.",machinery operation / grinding,rotating machinery / caught-in,unknown,interlocked guard fully functional during grinding operation,electrical energy,grinding machinery,procedure compliance,unknown,factory guard installed & inspect before use,none,no consequence / controlled operation,0,Safe operation: factory guard installed & inspect before use
REP-SIF-383f5ff2,pair_0180,incident,"During lifting operation on crane / lifting equipment, workers standing under suspended crane load without barricaded drop zone.",lifting operation,suspended load / struck-by,unknown,worker in line of fire under suspended load,potential kinetic / gravitational energy,crane / lifting equipment,inappropriate positioning / procedure non-compliance,unknown,exclusion zone / barricading,exclusion zone or barricading missing/breached,fatal crush / severe blunt force trauma,1,workers standing under suspended crane load without barricaded drop zone
REP-SAFE-bbf00a3d,pair_0180,safety_observation,"During lifting operation on crane / lifting equipment, barricaded exclusion zone & tag lines used was in place. workers stationed outside drop radius using tag lines.",lifting operation,suspended load / struck-by,unknown,workers stationed outside drop radius using tag lines,potential kinetic / gravitational energy,crane / lifting equipment,procedure compliance,unknown,barricaded exclusion zone & tag lines used,none,no consequence / controlled operation,0,Safe operation: barricaded exclusion zone & tag lines used
REP-SIF-b6f4874d,pair_0181,near_miss,"During confined space entry on vessel / container / process line, untested confined space entry with acute H2S toxicity risk.",confined space entry,toxic gas / hazardous atmosphere,hydrogen sulfide (h2s),worker exposed to toxic gas / oxygen deficiency,chemical / toxic gas energy,vessel / container / process line,inappropriate positioning / procedure non-compliance,confined space atmosphere,atmospheric testing,atmospheric testing missing or not performed,fatal asphyxiation / acute toxicity poisoning,1,untested confined space entry with acute H2S toxicity risk
REP-SAFE-c340577f,pair_0181,safety_observation,"During confined space entry on vessel / container / process line, atmospheric testing completed & verified was in place. safe atmospheric conditions verified prior to entry.",confined space entry,toxic gas / hazardous atmosphere,hydrogen sulfide (h2s),safe atmospheric conditions verified prior to entry,chemical / toxic gas energy,vessel / container / process line,procedure compliance,confined space atmosphere,atmospheric testing completed & verified,none,no consequence / controlled operation,0,Safe operation: atmospheric testing completed & verified
REP-SIF-d838b588,pair_0182,unsafe_act,"During hot work on vessel / container / process line, welding near hydrocarbon lines without required gas test or valid hot work permit.",hot work,fire / explosion / flammable atmosphere,hydrocarbons / flammable gas,worker exposed to flammable vapor ignition,chemical / toxic gas energy,vessel / container / process line,inappropriate positioning / procedure non-compliance,unknown,gas testing,required gas testing missing or not completed,fatal burns / blast trauma,1,welding near hydrocarbon lines without required gas test or valid hot work permit
REP-SAFE-bd0bcc86,pair_0182,safety_observation,"During hot work on vessel / container / process line, continuous LEL monitoring & hot work permit was in place. continuous LEL reading 0.0% verified before torch ignition.",hot work,fire / explosion / flammable atmosphere,hydrocarbons / flammable gas,continuous LEL reading 0.0% verified before torch ignition,chemical / toxic gas energy,vessel / container / process line,procedure compliance,unknown,continuous LEL monitoring & hot work permit,none,no consequence / controlled operation,0,Safe operation: continuous LEL monitoring & hot work permit
REP-SIF-b84e687f,pair_0183,near_miss,"During work at height on scaffold / elevated platform / ladder, work at 8m height on elevated platform without harness 100% tie-off.",work at height,fall from height,unknown,worker exposed to unprotected fall hazard,potential kinetic / gravitational energy,scaffold / elevated platform / ladder,inappropriate positioning / procedure non-compliance,elevated work location,fall protection system,fall protection missing or not used,fatal fall from elevation,1,work at 8m height on elevated platform without harness 100% tie-off
REP-SAFE-17e24c92,pair_0183,near_miss,"During work at height on scaffold / elevated platform / ladder, 100% harness tie-off & lifeline system was in place. worker fully secured with dual-leg shock-absorbing lanyards.",work at height,fall from height,unknown,worker fully secured with dual-leg shock-absorbing lanyards,potential kinetic / gravitational energy,scaffold / elevated platform / ladder,procedure compliance,elevated work location,100% harness tie-off & lifeline system,none,no consequence / controlled operation,0,Safe operation: 100% harness tie-off & lifeline system
REP-SIF-f8e6862f,pair_0184,incident,"During hot work on vessel / container / process line, welding near hydrocarbon lines without required gas test or valid hot work permit.",hot work,fire / explosion / flammable atmosphere,hydrocarbons / flammable gas,worker exposed to flammable vapor ignition,chemical / toxic gas energy,vessel / container / process line,inappropriate positioning / procedure non-compliance,unknown,gas testing,required gas testing missing or not completed,fatal burns / blast trauma,1,welding near hydrocarbon lines without required gas test or valid hot work permit
REP-SAFE-97c77f98,pair_0184,near_miss,"During hot work on vessel / container / process line, continuous LEL monitoring & hot work permit was in place. continuous LEL reading 0.0% verified before torch ignition.",hot work,fire / explosion / flammable atmosphere,hydrocarbons / flammable gas,continuous LEL reading 0.0% verified before torch ignition,chemical / toxic gas energy,vessel / container / process line,procedure compliance,unknown,continuous LEL monitoring & hot work permit,none,no consequence / controlled operation,0,Safe operation: continuous LEL monitoring & hot work permit
REP-SIF-e7d14e6c,pair_0185,near_miss,"During hot work on vessel / container / process line, welding near hydrocarbon lines without required gas test or valid hot work permit.",hot work,fire / explosion / flammable atmosphere,hydrocarbons / flammable gas,worker exposed to flammable vapor ignition,chemical / toxic gas energy,vessel / container / process line,inappropriate positioning / procedure non-compliance,unknown,gas testing,required gas testing missing or not completed,fatal burns / blast trauma,1,welding near hydrocarbon lines without required gas test or valid hot work permit
REP-SAFE-c7183c6d,pair_0185,safety_observation,"During hot work on vessel / container / process line, continuous LEL monitoring & hot work permit was in place. continuous LEL reading 0.0% verified before torch ignition.",hot work,fire / explosion / flammable atmosphere,hydrocarbons / flammable gas,continuous LEL reading 0.0% verified before torch ignition,chemical / toxic gas energy,vessel / container / process line,procedure compliance,unknown,continuous LEL monitoring & hot work permit,none,no consequence / controlled operation,0,Safe operation: continuous LEL monitoring & hot work permit
REP-SIF-29fd7057,pair_0186,incident,"During hot work on vessel / container / process line, welding near hydrocarbon lines without required gas test or valid hot work permit.",hot work,fire / explosion / flammable atmosphere,hydrocarbons / flammable gas,worker exposed to flammable vapor ignition,chemical / toxic gas energy,vessel / container / process line,inappropriate positioning / procedure non-compliance,unknown,gas testing,required gas testing missing or not completed,fatal burns / blast trauma,1,welding near hydrocarbon lines without required gas test or valid hot work permit
REP-SAFE-cb33ca4f,pair_0186,safety_observation,"During hot work on vessel / container / process line, continuous LEL monitoring & hot work permit was in place. continuous LEL reading 0.0% verified before torch ignition.",hot work,fire / explosion / flammable atmosphere,hydrocarbons / flammable gas,continuous LEL reading 0.0% verified before torch ignition,chemical / toxic gas energy,vessel / container / process line,procedure compliance,unknown,continuous LEL monitoring & hot work permit,none,no consequence / controlled operation,0,Safe operation: continuous LEL monitoring & hot work permit
REP-SIF-3a7f315d,pair_0187,incident,"During hot work on vessel / container / process line, welding near hydrocarbon lines without required gas test or valid hot work permit.",hot work,fire / explosion / flammable atmosphere,hydrocarbons / flammable gas,worker exposed to flammable vapor ignition,chemical / toxic gas energy,vessel / container / process line,inappropriate positioning / procedure non-compliance,unknown,gas testing,required gas testing missing or not completed,fatal burns / blast trauma,1,welding near hydrocarbon lines without required gas test or valid hot work permit
REP-SAFE-41649310,pair_0187,safety_observation,"During hot work on vessel / container / process line, continuous LEL monitoring & hot work permit was in place. continuous LEL reading 0.0% verified before torch ignition.",hot work,fire / explosion / flammable atmosphere,hydrocarbons / flammable gas,continuous LEL reading 0.0% verified before torch ignition,chemical / toxic gas energy,vessel / container / process line,procedure compliance,unknown,continuous LEL monitoring & hot work permit,none,no consequence / controlled operation,0,Safe operation: continuous LEL monitoring & hot work permit
REP-SIF-e9609ead,pair_0188,incident,"During lifting operation on crane / lifting equipment, workers standing under suspended crane load without barricaded drop zone.",lifting operation,suspended load / struck-by,unknown,worker in line of fire under suspended load,potential kinetic / gravitational energy,crane / lifting equipment,inappropriate positioning / procedure non-compliance,unknown,exclusion zone / barricading,exclusion zone or barricading missing/breached,fatal crush / severe blunt force trauma,1,workers standing under suspended crane load without barricaded drop zone
REP-SAFE-2c779765,pair_0188,near_miss,"During lifting operation on crane / lifting equipment, barricaded exclusion zone & tag lines used was in place. workers stationed outside drop radius using tag lines.",lifting operation,suspended load / struck-by,unknown,workers stationed outside drop radius using tag lines,potential kinetic / gravitational energy,crane / lifting equipment,procedure compliance,unknown,barricaded exclusion zone & tag lines used,none,no consequence / controlled operation,0,Safe operation: barricaded exclusion zone & tag lines used
REP-SIF-49bc7b14,pair_0189,unsafe_act,"During hot work on vessel / container / process line, welding near hydrocarbon lines without required gas test or valid hot work permit.",hot work,fire / explosion / flammable atmosphere,hydrocarbons / flammable gas,worker exposed to flammable vapor ignition,chemical / toxic gas energy,vessel / container / process line,inappropriate positioning / procedure non-compliance,unknown,gas testing,required gas testing missing or not completed,fatal burns / blast trauma,1,welding near hydrocarbon lines without required gas test or valid hot work permit
REP-SAFE-00f6eb5d,pair_0189,safety_observation,"During hot work on vessel / container / process line, continuous LEL monitoring & hot work permit was in place. continuous LEL reading 0.0% verified before torch ignition.",hot work,fire / explosion / flammable atmosphere,hydrocarbons / flammable gas,continuous LEL reading 0.0% verified before torch ignition,chemical / toxic gas energy,vessel / container / process line,procedure compliance,unknown,continuous LEL monitoring & hot work permit,none,no consequence / controlled operation,0,Safe operation: continuous LEL monitoring & hot work permit
REP-SIF-997b5d6d,pair_0190,near_miss,"During excavation work on excavation / trench, workers entered 2.5m deep un-shored unstable excavation.",excavation work,excavation collapse / cave-in,unknown,worker exposed to excavation collapse,potential kinetic / soil mass energy,excavation / trench,inappropriate positioning / procedure non-compliance,excavation wall instability,excavation protection,shoring / excavation protective system missing,fatal crush / burial,1,workers entered 2.5m deep un-shored unstable excavation
REP-SAFE-1e618c64,pair_0190,near_miss,"During excavation work on excavation / trench, hydraulic shoring boxes & trench shield was in place. trench box installed & soil benching verified.",excavation work,excavation collapse / cave-in,unknown,trench box installed & soil benching verified,potential kinetic / soil mass energy,excavation / trench,procedure compliance,excavation wall instability,hydraulic shoring boxes & trench shield,none,no consequence / controlled operation,0,Safe operation: hydraulic shoring boxes & trench shield
REP-SIF-e2743997,pair_0191,incident,"During hot work on vessel / container / process line, welding near hydrocarbon lines without required gas test or valid hot work permit.",hot work,fire / explosion / flammable atmosphere,hydrocarbons / flammable gas,worker exposed to flammable vapor ignition,chemical / toxic gas energy,vessel / container / process line,inappropriate positioning / procedure non-compliance,unknown,gas testing,required gas testing missing or not completed,fatal burns / blast trauma,1,welding near hydrocarbon lines without required gas test or valid hot work permit
REP-SAFE-4079b592,pair_0191,safety_observation,"During hot work on vessel / container / process line, continuous LEL monitoring & hot work permit was in place. continuous LEL reading 0.0% verified before torch ignition.",hot work,fire / explosion / flammable atmosphere,hydrocarbons / flammable gas,continuous LEL reading 0.0% verified before torch ignition,chemical / toxic gas energy,vessel / container / process line,procedure compliance,unknown,continuous LEL monitoring & hot work permit,none,no consequence / controlled operation,0,Safe operation: continuous LEL monitoring & hot work permit
REP-SIF-9badeece,pair_0192,incident,"During hot work on vessel / container / process line, welding near hydrocarbon lines without required gas test or valid hot work permit.",hot work,fire / explosion / flammable atmosphere,hydrocarbons / flammable gas,worker exposed to flammable vapor ignition,chemical / toxic gas energy,vessel / container / process line,inappropriate positioning / procedure non-compliance,unknown,gas testing,required gas testing missing or not completed,fatal burns / blast trauma,1,welding near hydrocarbon lines without required gas test or valid hot work permit
REP-SAFE-4e9b8d59,pair_0192,near_miss,"During hot work on vessel / container / process line, continuous LEL monitoring & hot work permit was in place. continuous LEL reading 0.0% verified before torch ignition.",hot work,fire / explosion / flammable atmosphere,hydrocarbons / flammable gas,continuous LEL reading 0.0% verified before torch ignition,chemical / toxic gas energy,vessel / container / process line,procedure compliance,unknown,continuous LEL monitoring & hot work permit,none,no consequence / controlled operation,0,Safe operation: continuous LEL monitoring & hot work permit
REP-SIF-28a4e763,pair_0193,incident,"During confined space entry on vessel / container / process line, untested confined space entry with acute H2S toxicity risk.",confined space entry,toxic gas / hazardous atmosphere,hydrogen sulfide (h2s),worker exposed to toxic gas / oxygen deficiency,chemical / toxic gas energy,vessel / container / process line,inappropriate positioning / procedure non-compliance,confined space atmosphere,atmospheric testing,atmospheric testing missing or not performed,fatal asphyxiation / acute toxicity poisoning,1,untested confined space entry with acute H2S toxicity risk
REP-SAFE-c19e4757,pair_0193,safety_observation,"During confined space entry on vessel / container / process line, atmospheric testing completed & verified was in place. safe atmospheric conditions verified prior to entry.",confined space entry,toxic gas / hazardous atmosphere,hydrogen sulfide (h2s),safe atmospheric conditions verified prior to entry,chemical / toxic gas energy,vessel / container / process line,procedure compliance,confined space atmosphere,atmospheric testing completed & verified,none,no consequence / controlled operation,0,Safe operation: atmospheric testing completed & verified
REP-SIF-6c9e1f30,pair_0194,near_miss,"During vehicle / pedestrian interaction on heavy transport truck, pedestrians allowed to enter un-barricaded vehicle operating zone.",vehicle / pedestrian interaction,vehicle-pedestrian interaction / struck-by,unknown,pedestrian exposed to moving vehicle,vehicle kinetic energy,heavy transport truck,inappropriate positioning / procedure non-compliance,unknown,exclusion zone / barricading,exclusion zone or barricading missing/breached,fatal struck-by / crush injury,1,pedestrians allowed to enter un-barricaded vehicle operating zone
REP-SAFE-2fd8b16e,pair_0194,near_miss,"During vehicle / pedestrian interaction on heavy transport truck, physical pedestrian walkways & spotter was in place. designated pedestrian walkways separated by steel crash barriers.",vehicle / pedestrian interaction,vehicle-pedestrian interaction / struck-by,unknown,designated pedestrian walkways separated by steel crash barriers,vehicle kinetic energy,heavy transport truck,procedure compliance,unknown,physical pedestrian walkways & spotter,none,no consequence / controlled operation,0,Safe operation: physical pedestrian walkways & spotter
REP-SIF-5bc2ead1,pair_0195,near_miss,"During pressurized system maintenance on centrifugal pump, centrifugal pump maintenance started without LOTO or electrical isolation.",pressurized system maintenance,pressure release / energy isolation,unknown,worker exposed to energized machinery / unverified LOTO,electrical energy,centrifugal pump,inappropriate positioning / procedure non-compliance,unknown,energy isolation (LOTO),"energy isolation bypassed, missing, or not verified",severe / fatal electrical shock or caught-in injury,1,centrifugal pump maintenance started without LOTO or electrical isolation
REP-SAFE-6d06dcaa,pair_0195,near_miss,"During pressurized system maintenance on centrifugal pump, energy isolation (LOTO) & breaker locked out was in place. equipment isolated and LOTO verified before maintenance.",pressurized system maintenance,pressure release / energy isolation,unknown,equipment isolated and LOTO verified before maintenance,electrical energy,centrifugal pump,procedure compliance,unknown,energy isolation (LOTO) & breaker locked out,none,no consequence / controlled operation,0,Safe operation: energy isolation (LOTO) & breaker locked out
REP-SIF-c958324e,pair_0196,incident,"During confined space entry on vessel / container / process line, untested confined space entry with acute H2S toxicity risk.",confined space entry,toxic gas / hazardous atmosphere,hydrogen sulfide (h2s),worker exposed to toxic gas / oxygen deficiency,chemical / toxic gas energy,vessel / container / process line,inappropriate positioning / procedure non-compliance,confined space atmosphere,atmospheric testing,atmospheric testing missing or not performed,fatal asphyxiation / acute toxicity poisoning,1,untested confined space entry with acute H2S toxicity risk
REP-SAFE-50912eb2,pair_0196,safety_observation,"During confined space entry on vessel / container / process line, atmospheric testing completed & verified was in place. safe atmospheric conditions verified prior to entry.",confined space entry,toxic gas / hazardous atmosphere,hydrogen sulfide (h2s),safe atmospheric conditions verified prior to entry,chemical / toxic gas energy,vessel / container / process line,procedure compliance,confined space atmosphere,atmospheric testing completed & verified,none,no consequence / controlled operation,0,Safe operation: atmospheric testing completed & verified
REP-SIF-92948055,pair_0197,incident,"During pressurized system maintenance on centrifugal pump, centrifugal pump maintenance started without LOTO or electrical isolation.",pressurized system maintenance,pressure release / energy isolation,unknown,worker exposed to energized machinery / unverified LOTO,electrical energy,centrifugal pump,inappropriate positioning / procedure non-compliance,unknown,energy isolation (LOTO),"energy isolation bypassed, missing, or not verified",severe / fatal electrical shock or caught-in injury,1,centrifugal pump maintenance started without LOTO or electrical isolation
REP-SAFE-61d7f5a1,pair_0197,near_miss,"During pressurized system maintenance on centrifugal pump, energy isolation (LOTO) & breaker locked out was in place. equipment isolated and LOTO verified before maintenance.",pressurized system maintenance,pressure release / energy isolation,unknown,equipment isolated and LOTO verified before maintenance,electrical energy,centrifugal pump,procedure compliance,unknown,energy isolation (LOTO) & breaker locked out,none,no consequence / controlled operation,0,Safe operation: energy isolation (LOTO) & breaker locked out
REP-SIF-f1725135,pair_0198,near_miss,"During lifting operation on crane / lifting equipment, workers standing under suspended crane load without barricaded drop zone.",lifting operation,suspended load / struck-by,unknown,worker in line of fire under suspended load,potential kinetic / gravitational energy,crane / lifting equipment,inappropriate positioning / procedure non-compliance,unknown,exclusion zone / barricading,exclusion zone or barricading missing/breached,fatal crush / severe blunt force trauma,1,workers standing under suspended crane load without barricaded drop zone
REP-SAFE-f1a24ac1,pair_0198,near_miss,"During lifting operation on crane / lifting equipment, barricaded exclusion zone & tag lines used was in place. workers stationed outside drop radius using tag lines.",lifting operation,suspended load / struck-by,unknown,workers stationed outside drop radius using tag lines,potential kinetic / gravitational energy,crane / lifting equipment,procedure compliance,unknown,barricaded exclusion zone & tag lines used,none,no consequence / controlled operation,0,Safe operation: barricaded exclusion zone & tag lines used
REP-SIF-d9f6c71c,pair_0199,incident,"During lifting operation on crane / lifting equipment, workers standing under suspended crane load without barricaded drop zone.",lifting operation,suspended load / struck-by,unknown,worker in line of fire under suspended load,potential kinetic / gravitational energy,crane / lifting equipment,inappropriate positioning / procedure non-compliance,unknown,exclusion zone / barricading,exclusion zone or barricading missing/breached,fatal crush / severe blunt force trauma,1,workers standing under suspended crane load without barricaded drop zone
REP-SAFE-75c75cea,pair_0199,near_miss,"During lifting operation on crane / lifting equipment, barricaded exclusion zone & tag lines used was in place. workers stationed outside drop radius using tag lines.",lifting operation,suspended load / struck-by,unknown,workers stationed outside drop radius using tag lines,potential kinetic / gravitational energy,crane / lifting equipment,procedure compliance,unknown,barricaded exclusion zone & tag lines used,none,no consequence / controlled operation,0,Safe operation: barricaded exclusion zone & tag lines used
REP-SIF-32ba096d,pair_0200,incident,"During machinery operation / grinding on grinding machinery, grinding machine operated with guard removed.",machinery operation / grinding,rotating machinery / caught-in,unknown,worker exposed to unguarded rotating machinery,electrical energy,grinding machinery,inappropriate positioning / procedure non-compliance,unknown,machine guarding,"machine guard removed, missing, or bypassed",severe / fatal caught-in or struck-by injury,1,grinding machine operated with guard removed
REP-SAFE-8dd58569,pair_0200,near_miss,"During machinery operation / grinding on grinding machinery, factory guard installed & inspect before use was in place. interlocked guard fully functional during grinding operation.",machinery operation / grinding,rotating machinery / caught-in,unknown,interlocked guard fully functional during grinding operation,electrical energy,grinding machinery,procedure compliance,unknown,factory guard installed & inspect before use,none,no consequence / controlled operation,0,Safe operation: factory guard installed & inspect before use
REP-SIF-820a40d4,pair_0201,incident,"During pressurized system maintenance on centrifugal pump, flange opened on pressurized line without zero-pressure verification.",pressurized system maintenance,pressure release,hydrocarbons / flammable gas,worker exposed to hazardous pressure release,pressurized fluid / gas energy,centrifugal pump,inappropriate positioning / procedure non-compliance,unknown,pressure isolation / depressurization,pressure isolation or zero-energy verification not confirmed,severe / fatal pressure release & impact injury,1,flange opened on pressurized line without zero-pressure verification
REP-SAFE-f14171db,pair_0201,safety_observation,"During pressurized system maintenance on centrifugal pump, pressure isolation & depressurization verified was in place. zero residual pressure confirmed before opening line.",pressurized system maintenance,pressure release,hydrocarbons / flammable gas,zero residual pressure confirmed before opening line,pressurized fluid / gas energy,centrifugal pump,procedure compliance,unknown,pressure isolation & depressurization verified,none,no consequence / controlled operation,0,Safe operation: pressure isolation & depressurization verified
REP-SIF-6cdb56e4,pair_0202,near_miss,"During vehicle / pedestrian interaction on heavy transport truck, pedestrians allowed to enter un-barricaded vehicle operating zone.",vehicle / pedestrian interaction,vehicle-pedestrian interaction / struck-by,unknown,pedestrian exposed to moving vehicle,vehicle kinetic energy,heavy transport truck,inappropriate positioning / procedure non-compliance,unknown,exclusion zone / barricading,exclusion zone or barricading missing/breached,fatal struck-by / crush injury,1,pedestrians allowed to enter un-barricaded vehicle operating zone
REP-SAFE-ef7fdb4c,pair_0202,near_miss,"During vehicle / pedestrian interaction on heavy transport truck, physical pedestrian walkways & spotter was in place. designated pedestrian walkways separated by steel crash barriers.",vehicle / pedestrian interaction,vehicle-pedestrian interaction / struck-by,unknown,designated pedestrian walkways separated by steel crash barriers,vehicle kinetic energy,heavy transport truck,procedure compliance,unknown,physical pedestrian walkways & spotter,none,no consequence / controlled operation,0,Safe operation: physical pedestrian walkways & spotter
REP-SIF-f8019ab8,pair_0203,unsafe_act,"During work at height on scaffold / elevated platform / ladder, work at 8m height on elevated platform without harness 100% tie-off.",work at height,fall from height,unknown,worker exposed to unprotected fall hazard,potential kinetic / gravitational energy,scaffold / elevated platform / ladder,inappropriate positioning / procedure non-compliance,elevated work location,fall protection system,fall protection missing or not used,fatal fall from elevation,1,work at 8m height on elevated platform without harness 100% tie-off
REP-SAFE-e5579d82,pair_0203,safety_observation,"During work at height on scaffold / elevated platform / ladder, 100% harness tie-off & lifeline system was in place. worker fully secured with dual-leg shock-absorbing lanyards.",work at height,fall from height,unknown,worker fully secured with dual-leg shock-absorbing lanyards,potential kinetic / gravitational energy,scaffold / elevated platform / ladder,procedure compliance,elevated work location,100% harness tie-off & lifeline system,none,no consequence / controlled operation,0,Safe operation: 100% harness tie-off & lifeline system
REP-SIF-2115f423,pair_0204,near_miss,"During pressurized system maintenance on centrifugal pump, centrifugal pump maintenance started without LOTO or electrical isolation.",pressurized system maintenance,pressure release / energy isolation,unknown,worker exposed to energized machinery / unverified LOTO,electrical energy,centrifugal pump,inappropriate positioning / procedure non-compliance,unknown,energy isolation (LOTO),"energy isolation bypassed, missing, or not verified",severe / fatal electrical shock or caught-in injury,1,centrifugal pump maintenance started without LOTO or electrical isolation
REP-SAFE-942ed01a,pair_0204,safety_observation,"During pressurized system maintenance on centrifugal pump, energy isolation (LOTO) & breaker locked out was in place. equipment isolated and LOTO verified before maintenance.",pressurized system maintenance,pressure release / energy isolation,unknown,equipment isolated and LOTO verified before maintenance,electrical energy,centrifugal pump,procedure compliance,unknown,energy isolation (LOTO) & breaker locked out,none,no consequence / controlled operation,0,Safe operation: energy isolation (LOTO) & breaker locked out
REP-SIF-c6a1b82a,pair_0205,near_miss,"During work at height on scaffold / elevated platform / ladder, work at 8m height on elevated platform without harness 100% tie-off.",work at height,fall from height,unknown,worker exposed to unprotected fall hazard,potential kinetic / gravitational energy,scaffold / elevated platform / ladder,inappropriate positioning / procedure non-compliance,elevated work location,fall protection system,fall protection missing or not used,fatal fall from elevation,1,work at 8m height on elevated platform without harness 100% tie-off
REP-SAFE-f1c54376,pair_0205,safety_observation,"During work at height on scaffold / elevated platform / ladder, 100% harness tie-off & lifeline system was in place. worker fully secured with dual-leg shock-absorbing lanyards.",work at height,fall from height,unknown,worker fully secured with dual-leg shock-absorbing lanyards,potential kinetic / gravitational energy,scaffold / elevated platform / ladder,procedure compliance,elevated work location,100% harness tie-off & lifeline system,none,no consequence / controlled operation,0,Safe operation: 100% harness tie-off & lifeline system
REP-SIF-e3d5302a,pair_0206,near_miss,"During work at height on scaffold / elevated platform / ladder, work at 8m height on elevated platform without harness 100% tie-off.",work at height,fall from height,unknown,worker exposed to unprotected fall hazard,potential kinetic / gravitational energy,scaffold / elevated platform / ladder,inappropriate positioning / procedure non-compliance,elevated work location,fall protection system,fall protection missing or not used,fatal fall from elevation,1,work at 8m height on elevated platform without harness 100% tie-off
REP-SAFE-6be844a1,pair_0206,near_miss,"During work at height on scaffold / elevated platform / ladder, 100% harness tie-off & lifeline system was in place. worker fully secured with dual-leg shock-absorbing lanyards.",work at height,fall from height,unknown,worker fully secured with dual-leg shock-absorbing lanyards,potential kinetic / gravitational energy,scaffold / elevated platform / ladder,procedure compliance,elevated work location,100% harness tie-off & lifeline system,none,no consequence / controlled operation,0,Safe operation: 100% harness tie-off & lifeline system
REP-SIF-43404138,pair_0207,unsafe_act,"During pressurized system maintenance on centrifugal pump, flange opened on pressurized line without zero-pressure verification.",pressurized system maintenance,pressure release,hydrocarbons / flammable gas,worker exposed to hazardous pressure release,pressurized fluid / gas energy,centrifugal pump,inappropriate positioning / procedure non-compliance,unknown,pressure isolation / depressurization,pressure isolation or zero-energy verification not confirmed,severe / fatal pressure release & impact injury,1,flange opened on pressurized line without zero-pressure verification
REP-SAFE-2bbf5ced,pair_0207,safety_observation,"During pressurized system maintenance on centrifugal pump, pressure isolation & depressurization verified was in place. zero residual pressure confirmed before opening line.",pressurized system maintenance,pressure release,hydrocarbons / flammable gas,zero residual pressure confirmed before opening line,pressurized fluid / gas energy,centrifugal pump,procedure compliance,unknown,pressure isolation & depressurization verified,none,no consequence / controlled operation,0,Safe operation: pressure isolation & depressurization verified
REP-SIF-34c93e7c,pair_0208,unsafe_act,"During excavation work on excavation / trench, workers entered 2.5m deep un-shored unstable excavation.",excavation work,excavation collapse / cave-in,unknown,worker exposed to excavation collapse,potential kinetic / soil mass energy,excavation / trench,inappropriate positioning / procedure non-compliance,excavation wall instability,excavation protection,shoring / excavation protective system missing,fatal crush / burial,1,workers entered 2.5m deep un-shored unstable excavation
REP-SAFE-3c32a60b,pair_0208,near_miss,"During excavation work on excavation / trench, hydraulic shoring boxes & trench shield was in place. trench box installed & soil benching verified.",excavation work,excavation collapse / cave-in,unknown,trench box installed & soil benching verified,potential kinetic / soil mass energy,excavation / trench,procedure compliance,excavation wall instability,hydraulic shoring boxes & trench shield,none,no consequence / controlled operation,0,Safe operation: hydraulic shoring boxes & trench shield
REP-SIF-d0c7675d,pair_0209,near_miss,"During lifting operation on crane / lifting equipment, workers standing under suspended crane load without barricaded drop zone.",lifting operation,suspended load / struck-by,unknown,worker in line of fire under suspended load,potential kinetic / gravitational energy,crane / lifting equipment,inappropriate positioning / procedure non-compliance,unknown,exclusion zone / barricading,exclusion zone or barricading missing/breached,fatal crush / severe blunt force trauma,1,workers standing under suspended crane load without barricaded drop zone
REP-SAFE-acbd7f97,pair_0209,safety_observation,"During lifting operation on crane / lifting equipment, barricaded exclusion zone & tag lines used was in place. workers stationed outside drop radius using tag lines.",lifting operation,suspended load / struck-by,unknown,workers stationed outside drop radius using tag lines,potential kinetic / gravitational energy,crane / lifting equipment,procedure compliance,unknown,barricaded exclusion zone & tag lines used,none,no consequence / controlled operation,0,Safe operation: barricaded exclusion zone & tag lines used
REP-SIF-612ed887,pair_0210,incident,"During confined space entry on vessel / container / process line, untested confined space entry with acute H2S toxicity risk.",confined space entry,toxic gas / hazardous atmosphere,hydrogen sulfide (h2s),worker exposed to toxic gas / oxygen deficiency,chemical / toxic gas energy,vessel / container / process line,inappropriate positioning / procedure non-compliance,confined space atmosphere,atmospheric testing,atmospheric testing missing or not performed,fatal asphyxiation / acute toxicity poisoning,1,untested confined space entry with acute H2S toxicity risk
REP-SAFE-c0e92379,pair_0210,safety_observation,"During confined space entry on vessel / container / process line, atmospheric testing completed & verified was in place. safe atmospheric conditions verified prior to entry.",confined space entry,toxic gas / hazardous atmosphere,hydrogen sulfide (h2s),safe atmospheric conditions verified prior to entry,chemical / toxic gas energy,vessel / container / process line,procedure compliance,confined space atmosphere,atmospheric testing completed & verified,none,no consequence / controlled operation,0,Safe operation: atmospheric testing completed & verified
REP-SIF-cdb3a43d,pair_0211,incident,"During pressurized system maintenance on centrifugal pump, centrifugal pump maintenance started without LOTO or electrical isolation.",pressurized system maintenance,pressure release / energy isolation,unknown,worker exposed to energized machinery / unverified LOTO,electrical energy,centrifugal pump,inappropriate positioning / procedure non-compliance,unknown,energy isolation (LOTO),"energy isolation bypassed, missing, or not verified",severe / fatal electrical shock or caught-in injury,1,centrifugal pump maintenance started without LOTO or electrical isolation
REP-SAFE-336b5d5a,pair_0211,near_miss,"During pressurized system maintenance on centrifugal pump, energy isolation (LOTO) & breaker locked out was in place. equipment isolated and LOTO verified before maintenance.",pressurized system maintenance,pressure release / energy isolation,unknown,equipment isolated and LOTO verified before maintenance,electrical energy,centrifugal pump,procedure compliance,unknown,energy isolation (LOTO) & breaker locked out,none,no consequence / controlled operation,0,Safe operation: energy isolation (LOTO) & breaker locked out
REP-SIF-79417d27,pair_0212,unsafe_act,"During hot work on vessel / container / process line, welding near hydrocarbon lines without required gas test or valid hot work permit.",hot work,fire / explosion / flammable atmosphere,hydrocarbons / flammable gas,worker exposed to flammable vapor ignition,chemical / toxic gas energy,vessel / container / process line,inappropriate positioning / procedure non-compliance,unknown,gas testing,required gas testing missing or not completed,fatal burns / blast trauma,1,welding near hydrocarbon lines without required gas test or valid hot work permit
REP-SAFE-94dbc970,pair_0212,safety_observation,"During hot work on vessel / container / process line, continuous LEL monitoring & hot work permit was in place. continuous LEL reading 0.0% verified before torch ignition.",hot work,fire / explosion / flammable atmosphere,hydrocarbons / flammable gas,continuous LEL reading 0.0% verified before torch ignition,chemical / toxic gas energy,vessel / container / process line,procedure compliance,unknown,continuous LEL monitoring & hot work permit,none,no consequence / controlled operation,0,Safe operation: continuous LEL monitoring & hot work permit
REP-SIF-e925125f,pair_0213,unsafe_act,"During pressurized system maintenance on centrifugal pump, flange opened on pressurized line without zero-pressure verification.",pressurized system maintenance,pressure release,hydrocarbons / flammable gas,worker exposed to hazardous pressure release,pressurized fluid / gas energy,centrifugal pump,inappropriate positioning / procedure non-compliance,unknown,pressure isolation / depressurization,pressure isolation or zero-energy verification not confirmed,severe / fatal pressure release & impact injury,1,flange opened on pressurized line without zero-pressure verification
REP-SAFE-888b0c2e,pair_0213,safety_observation,"During pressurized system maintenance on centrifugal pump, pressure isolation & depressurization verified was in place. zero residual pressure confirmed before opening line.",pressurized system maintenance,pressure release,hydrocarbons / flammable gas,zero residual pressure confirmed before opening line,pressurized fluid / gas energy,centrifugal pump,procedure compliance,unknown,pressure isolation & depressurization verified,none,no consequence / controlled operation,0,Safe operation: pressure isolation & depressurization verified
REP-SIF-d98e9280,pair_0214,unsafe_act,"During pressurized system maintenance on centrifugal pump, flange opened on pressurized line without zero-pressure verification.",pressurized system maintenance,pressure release,hydrocarbons / flammable gas,worker exposed to hazardous pressure release,pressurized fluid / gas energy,centrifugal pump,inappropriate positioning / procedure non-compliance,unknown,pressure isolation / depressurization,pressure isolation or zero-energy verification not confirmed,severe / fatal pressure release & impact injury,1,flange opened on pressurized line without zero-pressure verification
REP-SAFE-df6a0cfd,pair_0214,near_miss,"During pressurized system maintenance on centrifugal pump, pressure isolation & depressurization verified was in place. zero residual pressure confirmed before opening line.",pressurized system maintenance,pressure release,hydrocarbons / flammable gas,zero residual pressure confirmed before opening line,pressurized fluid / gas energy,centrifugal pump,procedure compliance,unknown,pressure isolation & depressurization verified,none,no consequence / controlled operation,0,Safe operation: pressure isolation & depressurization verified
REP-SIF-6967eb58,pair_0215,unsafe_act,"During pressurized system maintenance on centrifugal pump, flange opened on pressurized line without zero-pressure verification.",pressurized system maintenance,pressure release,hydrocarbons / flammable gas,worker exposed to hazardous pressure release,pressurized fluid / gas energy,centrifugal pump,inappropriate positioning / procedure non-compliance,unknown,pressure isolation / depressurization,pressure isolation or zero-energy verification not confirmed,severe / fatal pressure release & impact injury,1,flange opened on pressurized line without zero-pressure verification
REP-SAFE-a5bd79e4,pair_0215,safety_observation,"During pressurized system maintenance on centrifugal pump, pressure isolation & depressurization verified was in place. zero residual pressure confirmed before opening line.",pressurized system maintenance,pressure release,hydrocarbons / flammable gas,zero residual pressure confirmed before opening line,pressurized fluid / gas energy,centrifugal pump,procedure compliance,unknown,pressure isolation & depressurization verified,none,no consequence / controlled operation,0,Safe operation: pressure isolation & depressurization verified
REP-SIF-55011fb1,pair_0216,unsafe_act,"During lifting operation on crane / lifting equipment, workers standing under suspended crane load without barricaded drop zone.",lifting operation,suspended load / struck-by,unknown,worker in line of fire under suspended load,potential kinetic / gravitational energy,crane / lifting equipment,inappropriate positioning / procedure non-compliance,unknown,exclusion zone / barricading,exclusion zone or barricading missing/breached,fatal crush / severe blunt force trauma,1,workers standing under suspended crane load without barricaded drop zone
REP-SAFE-ff2097d9,pair_0216,near_miss,"During lifting operation on crane / lifting equipment, barricaded exclusion zone & tag lines used was in place. workers stationed outside drop radius using tag lines.",lifting operation,suspended load / struck-by,unknown,workers stationed outside drop radius using tag lines,potential kinetic / gravitational energy,crane / lifting equipment,procedure compliance,unknown,barricaded exclusion zone & tag lines used,none,no consequence / controlled operation,0,Safe operation: barricaded exclusion zone & tag lines used
REP-SIF-799105d4,pair_0217,near_miss,"During lifting operation on crane / lifting equipment, workers standing under suspended crane load without barricaded drop zone.",lifting operation,suspended load / struck-by,unknown,worker in line of fire under suspended load,potential kinetic / gravitational energy,crane / lifting equipment,inappropriate positioning / procedure non-compliance,unknown,exclusion zone / barricading,exclusion zone or barricading missing/breached,fatal crush / severe blunt force trauma,1,workers standing under suspended crane load without barricaded drop zone
REP-SAFE-da61398d,pair_0217,near_miss,"During lifting operation on crane / lifting equipment, barricaded exclusion zone & tag lines used was in place. workers stationed outside drop radius using tag lines.",lifting operation,suspended load / struck-by,unknown,workers stationed outside drop radius using tag lines,potential kinetic / gravitational energy,crane / lifting equipment,procedure compliance,unknown,barricaded exclusion zone & tag lines used,none,no consequence / controlled operation,0,Safe operation: barricaded exclusion zone & tag lines used
REP-SIF-40d7bfe2,pair_0218,incident,"During pressurized system maintenance on centrifugal pump, centrifugal pump maintenance started without LOTO or electrical isolation.",pressurized system maintenance,pressure release / energy isolation,unknown,worker exposed to energized machinery / unverified LOTO,electrical energy,centrifugal pump,inappropriate positioning / procedure non-compliance,unknown,energy isolation (LOTO),"energy isolation bypassed, missing, or not verified",severe / fatal electrical shock or caught-in injury,1,centrifugal pump maintenance started without LOTO or electrical isolation
REP-SAFE-79fac397,pair_0218,near_miss,"During pressurized system maintenance on centrifugal pump, energy isolation (LOTO) & breaker locked out was in place. equipment isolated and LOTO verified before maintenance.",pressurized system maintenance,pressure release / energy isolation,unknown,equipment isolated and LOTO verified before maintenance,electrical energy,centrifugal pump,procedure compliance,unknown,energy isolation (LOTO) & breaker locked out,none,no consequence / controlled operation,0,Safe operation: energy isolation (LOTO) & breaker locked out
REP-SIF-8b767530,pair_0219,incident,"During pressurized system maintenance on centrifugal pump, flange opened on pressurized line without zero-pressure verification.",pressurized system maintenance,pressure release,hydrocarbons / flammable gas,worker exposed to hazardous pressure release,pressurized fluid / gas energy,centrifugal pump,inappropriate positioning / procedure non-compliance,unknown,pressure isolation / depressurization,pressure isolation or zero-energy verification not confirmed,severe / fatal pressure release & impact injury,1,flange opened on pressurized line without zero-pressure verification
REP-SAFE-3009fd3c,pair_0219,near_miss,"During pressurized system maintenance on centrifugal pump, pressure isolation & depressurization verified was in place. zero residual pressure confirmed before opening line.",pressurized system maintenance,pressure release,hydrocarbons / flammable gas,zero residual pressure confirmed before opening line,pressurized fluid / gas energy,centrifugal pump,procedure compliance,unknown,pressure isolation & depressurization verified,none,no consequence / controlled operation,0,Safe operation: pressure isolation & depressurization verified
REP-SIF-e8306509,pair_0220,unsafe_act,"During excavation work on excavation / trench, workers entered 2.5m deep un-shored unstable excavation.",excavation work,excavation collapse / cave-in,unknown,worker exposed to excavation collapse,potential kinetic / soil mass energy,excavation / trench,inappropriate positioning / procedure non-compliance,excavation wall instability,excavation protection,shoring / excavation protective system missing,fatal crush / burial,1,workers entered 2.5m deep un-shored unstable excavation
REP-SAFE-00b9f4e6,pair_0220,safety_observation,"During excavation work on excavation / trench, hydraulic shoring boxes & trench shield was in place. trench box installed & soil benching verified.",excavation work,excavation collapse / cave-in,unknown,trench box installed & soil benching verified,potential kinetic / soil mass energy,excavation / trench,procedure compliance,excavation wall instability,hydraulic shoring boxes & trench shield,none,no consequence / controlled operation,0,Safe operation: hydraulic shoring boxes & trench shield
REP-SIF-4c5ded4e,pair_0221,near_miss,"During hot work on vessel / container / process line, welding near hydrocarbon lines without required gas test or valid hot work permit.",hot work,fire / explosion / flammable atmosphere,hydrocarbons / flammable gas,worker exposed to flammable vapor ignition,chemical / toxic gas energy,vessel / container / process line,inappropriate positioning / procedure non-compliance,unknown,gas testing,required gas testing missing or not completed,fatal burns / blast trauma,1,welding near hydrocarbon lines without required gas test or valid hot work permit
REP-SAFE-0dcfbd85,pair_0221,near_miss,"During hot work on vessel / container / process line, continuous LEL monitoring & hot work permit was in place. continuous LEL reading 0.0% verified before torch ignition.",hot work,fire / explosion / flammable atmosphere,hydrocarbons / flammable gas,continuous LEL reading 0.0% verified before torch ignition,chemical / toxic gas energy,vessel / container / process line,procedure compliance,unknown,continuous LEL monitoring & hot work permit,none,no consequence / controlled operation,0,Safe operation: continuous LEL monitoring & hot work permit
REP-SIF-8b48cd5c,pair_0222,incident,"During vehicle / pedestrian interaction on heavy transport truck, pedestrians allowed to enter un-barricaded vehicle operating zone.",vehicle / pedestrian interaction,vehicle-pedestrian interaction / struck-by,unknown,pedestrian exposed to moving vehicle,vehicle kinetic energy,heavy transport truck,inappropriate positioning / procedure non-compliance,unknown,exclusion zone / barricading,exclusion zone or barricading missing/breached,fatal struck-by / crush injury,1,pedestrians allowed to enter un-barricaded vehicle operating zone
REP-SAFE-8ac6f6f9,pair_0222,near_miss,"During vehicle / pedestrian interaction on heavy transport truck, physical pedestrian walkways & spotter was in place. designated pedestrian walkways separated by steel crash barriers.",vehicle / pedestrian interaction,vehicle-pedestrian interaction / struck-by,unknown,designated pedestrian walkways separated by steel crash barriers,vehicle kinetic energy,heavy transport truck,procedure compliance,unknown,physical pedestrian walkways & spotter,none,no consequence / controlled operation,0,Safe operation: physical pedestrian walkways & spotter
REP-SIF-89e04643,pair_0223,unsafe_act,"During hot work on vessel / container / process line, welding near hydrocarbon lines without required gas test or valid hot work permit.",hot work,fire / explosion / flammable atmosphere,hydrocarbons / flammable gas,worker exposed to flammable vapor ignition,chemical / toxic gas energy,vessel / container / process line,inappropriate positioning / procedure non-compliance,unknown,gas testing,required gas testing missing or not completed,fatal burns / blast trauma,1,welding near hydrocarbon lines without required gas test or valid hot work permit
REP-SAFE-6322dd49,pair_0223,near_miss,"During hot work on vessel / container / process line, continuous LEL monitoring & hot work permit was in place. continuous LEL reading 0.0% verified before torch ignition.",hot work,fire / explosion / flammable atmosphere,hydrocarbons / flammable gas,continuous LEL reading 0.0% verified before torch ignition,chemical / toxic gas energy,vessel / container / process line,procedure compliance,unknown,continuous LEL monitoring & hot work permit,none,no consequence / controlled operation,0,Safe operation: continuous LEL monitoring & hot work permit
REP-SIF-b97b599a,pair_0224,near_miss,"During lifting operation on crane / lifting equipment, workers standing under suspended crane load without barricaded drop zone.",lifting operation,suspended load / struck-by,unknown,worker in line of fire under suspended load,potential kinetic / gravitational energy,crane / lifting equipment,inappropriate positioning / procedure non-compliance,unknown,exclusion zone / barricading,exclusion zone or barricading missing/breached,fatal crush / severe blunt force trauma,1,workers standing under suspended crane load without barricaded drop zone
REP-SAFE-46f0d6f7,pair_0224,safety_observation,"During lifting operation on crane / lifting equipment, barricaded exclusion zone & tag lines used was in place. workers stationed outside drop radius using tag lines.",lifting operation,suspended load / struck-by,unknown,workers stationed outside drop radius using tag lines,potential kinetic / gravitational energy,crane / lifting equipment,procedure compliance,unknown,barricaded exclusion zone & tag lines used,none,no consequence / controlled operation,0,Safe operation: barricaded exclusion zone & tag lines used
REP-SIF-3096f514,pair_0225,incident,"During machinery operation / grinding on grinding machinery, grinding machine operated with guard removed.",machinery operation / grinding,rotating machinery / caught-in,unknown,worker exposed to unguarded rotating machinery,electrical energy,grinding machinery,inappropriate positioning / procedure non-compliance,unknown,machine guarding,"machine guard removed, missing, or bypassed",severe / fatal caught-in or struck-by injury,1,grinding machine operated with guard removed
REP-SAFE-5bf2eef3,pair_0225,safety_observation,"During machinery operation / grinding on grinding machinery, factory guard installed & inspect before use was in place. interlocked guard fully functional during grinding operation.",machinery operation / grinding,rotating machinery / caught-in,unknown,interlocked guard fully functional during grinding operation,electrical energy,grinding machinery,procedure compliance,unknown,factory guard installed & inspect before use,none,no consequence / controlled operation,0,Safe operation: factory guard installed & inspect before use
REP-SIF-2401e8c0,pair_0226,unsafe_act,"During excavation work on excavation / trench, workers entered 2.5m deep un-shored unstable excavation.",excavation work,excavation collapse / cave-in,unknown,worker exposed to excavation collapse,potential kinetic / soil mass energy,excavation / trench,inappropriate positioning / procedure non-compliance,excavation wall instability,excavation protection,shoring / excavation protective system missing,fatal crush / burial,1,workers entered 2.5m deep un-shored unstable excavation
REP-SAFE-8c80262e,pair_0226,near_miss,"During excavation work on excavation / trench, hydraulic shoring boxes & trench shield was in place. trench box installed & soil benching verified.",excavation work,excavation collapse / cave-in,unknown,trench box installed & soil benching verified,potential kinetic / soil mass energy,excavation / trench,procedure compliance,excavation wall instability,hydraulic shoring boxes & trench shield,none,no consequence / controlled operation,0,Safe operation: hydraulic shoring boxes & trench shield
REP-SIF-f0add265,pair_0227,near_miss,"During lifting operation on crane / lifting equipment, workers standing under suspended crane load without barricaded drop zone.",lifting operation,suspended load / struck-by,unknown,worker in line of fire under suspended load,potential kinetic / gravitational energy,crane / lifting equipment,inappropriate positioning / procedure non-compliance,unknown,exclusion zone / barricading,exclusion zone or barricading missing/breached,fatal crush / severe blunt force trauma,1,workers standing under suspended crane load without barricaded drop zone
REP-SAFE-bc88252a,pair_0227,near_miss,"During lifting operation on crane / lifting equipment, barricaded exclusion zone & tag lines used was in place. workers stationed outside drop radius using tag lines.",lifting operation,suspended load / struck-by,unknown,workers stationed outside drop radius using tag lines,potential kinetic / gravitational energy,crane / lifting equipment,procedure compliance,unknown,barricaded exclusion zone & tag lines used,none,no consequence / controlled operation,0,Safe operation: barricaded exclusion zone & tag lines used
REP-SIF-78a58776,pair_0228,near_miss,"During lifting operation on crane / lifting equipment, workers standing under suspended crane load without barricaded drop zone.",lifting operation,suspended load / struck-by,unknown,worker in line of fire under suspended load,potential kinetic / gravitational energy,crane / lifting equipment,inappropriate positioning / procedure non-compliance,unknown,exclusion zone / barricading,exclusion zone or barricading missing/breached,fatal crush / severe blunt force trauma,1,workers standing under suspended crane load without barricaded drop zone
REP-SAFE-1ae6ad37,pair_0228,near_miss,"During lifting operation on crane / lifting equipment, barricaded exclusion zone & tag lines used was in place. workers stationed outside drop radius using tag lines.",lifting operation,suspended load / struck-by,unknown,workers stationed outside drop radius using tag lines,potential kinetic / gravitational energy,crane / lifting equipment,procedure compliance,unknown,barricaded exclusion zone & tag lines used,none,no consequence / controlled operation,0,Safe operation: barricaded exclusion zone & tag lines used
REP-SIF-b7df4db8,pair_0229,incident,"During work at height on scaffold / elevated platform / ladder, work at 8m height on elevated platform without harness 100% tie-off.",work at height,fall from height,unknown,worker exposed to unprotected fall hazard,potential kinetic / gravitational energy,scaffold / elevated platform / ladder,inappropriate positioning / procedure non-compliance,elevated work location,fall protection system,fall protection missing or not used,fatal fall from elevation,1,work at 8m height on elevated platform without harness 100% tie-off
REP-SAFE-94fe126c,pair_0229,near_miss,"During work at height on scaffold / elevated platform / ladder, 100% harness tie-off & lifeline system was in place. worker fully secured with dual-leg shock-absorbing lanyards.",work at height,fall from height,unknown,worker fully secured with dual-leg shock-absorbing lanyards,potential kinetic / gravitational energy,scaffold / elevated platform / ladder,procedure compliance,elevated work location,100% harness tie-off & lifeline system,none,no consequence / controlled operation,0,Safe operation: 100% harness tie-off & lifeline system
REP-SIF-8308df0c,pair_0230,incident,"During lifting operation on crane / lifting equipment, workers standing under suspended crane load without barricaded drop zone.",lifting operation,suspended load / struck-by,unknown,worker in line of fire under suspended load,potential kinetic / gravitational energy,crane / lifting equipment,inappropriate positioning / procedure non-compliance,unknown,exclusion zone / barricading,exclusion zone or barricading missing/breached,fatal crush / severe blunt force trauma,1,workers standing under suspended crane load without barricaded drop zone
REP-SAFE-27ac3f66,pair_0230,near_miss,"During lifting operation on crane / lifting equipment, barricaded exclusion zone & tag lines used was in place. workers stationed outside drop radius using tag lines.",lifting operation,suspended load / struck-by,unknown,workers stationed outside drop radius using tag lines,potential kinetic / gravitational energy,crane / lifting equipment,procedure compliance,unknown,barricaded exclusion zone & tag lines used,none,no consequence / controlled operation,0,Safe operation: barricaded exclusion zone & tag lines used
REP-SIF-aab27fef,pair_0231,near_miss,"During vehicle / pedestrian interaction on heavy transport truck, pedestrians allowed to enter un-barricaded vehicle operating zone.",vehicle / pedestrian interaction,vehicle-pedestrian interaction / struck-by,unknown,pedestrian exposed to moving vehicle,vehicle kinetic energy,heavy transport truck,inappropriate positioning / procedure non-compliance,unknown,exclusion zone / barricading,exclusion zone or barricading missing/breached,fatal struck-by / crush injury,1,pedestrians allowed to enter un-barricaded vehicle operating zone
REP-SAFE-798dba1c,pair_0231,safety_observation,"During vehicle / pedestrian interaction on heavy transport truck, physical pedestrian walkways & spotter was in place. designated pedestrian walkways separated by steel crash barriers.",vehicle / pedestrian interaction,vehicle-pedestrian interaction / struck-by,unknown,designated pedestrian walkways separated by steel crash barriers,vehicle kinetic energy,heavy transport truck,procedure compliance,unknown,physical pedestrian walkways & spotter,none,no consequence / controlled operation,0,Safe operation: physical pedestrian walkways & spotter
REP-SIF-ac051492,pair_0232,near_miss,"During pressurized system maintenance on centrifugal pump, flange opened on pressurized line without zero-pressure verification.",pressurized system maintenance,pressure release,hydrocarbons / flammable gas,worker exposed to hazardous pressure release,pressurized fluid / gas energy,centrifugal pump,inappropriate positioning / procedure non-compliance,unknown,pressure isolation / depressurization,pressure isolation or zero-energy verification not confirmed,severe / fatal pressure release & impact injury,1,flange opened on pressurized line without zero-pressure verification
REP-SAFE-d4b7f1a3,pair_0232,near_miss,"During pressurized system maintenance on centrifugal pump, pressure isolation & depressurization verified was in place. zero residual pressure confirmed before opening line.",pressurized system maintenance,pressure release,hydrocarbons / flammable gas,zero residual pressure confirmed before opening line,pressurized fluid / gas energy,centrifugal pump,procedure compliance,unknown,pressure isolation & depressurization verified,none,no consequence / controlled operation,0,Safe operation: pressure isolation & depressurization verified
REP-SIF-6239d737,pair_0233,unsafe_act,"During excavation work on excavation / trench, workers entered 2.5m deep un-shored unstable excavation.",excavation work,excavation collapse / cave-in,unknown,worker exposed to excavation collapse,potential kinetic / soil mass energy,excavation / trench,inappropriate positioning / procedure non-compliance,excavation wall instability,excavation protection,shoring / excavation protective system missing,fatal crush / burial,1,workers entered 2.5m deep un-shored unstable excavation
REP-SAFE-98257dc0,pair_0233,safety_observation,"During excavation work on excavation / trench, hydraulic shoring boxes & trench shield was in place. trench box installed & soil benching verified.",excavation work,excavation collapse / cave-in,unknown,trench box installed & soil benching verified,potential kinetic / soil mass energy,excavation / trench,procedure compliance,excavation wall instability,hydraulic shoring boxes & trench shield,none,no consequence / controlled operation,0,Safe operation: hydraulic shoring boxes & trench shield
REP-SIF-56c416a3,pair_0234,unsafe_act,"During excavation work on excavation / trench, workers entered 2.5m deep un-shored unstable excavation.",excavation work,excavation collapse / cave-in,unknown,worker exposed to excavation collapse,potential kinetic / soil mass energy,excavation / trench,inappropriate positioning / procedure non-compliance,excavation wall instability,excavation protection,shoring / excavation protective system missing,fatal crush / burial,1,workers entered 2.5m deep un-shored unstable excavation
REP-SAFE-7e188057,pair_0234,near_miss,"During excavation work on excavation / trench, hydraulic shoring boxes & trench shield was in place. trench box installed & soil benching verified.",excavation work,excavation collapse / cave-in,unknown,trench box installed & soil benching verified,potential kinetic / soil mass energy,excavation / trench,procedure compliance,excavation wall instability,hydraulic shoring boxes & trench shield,none,no consequence / controlled operation,0,Safe operation: hydraulic shoring boxes & trench shield
REP-SIF-88889098,pair_0235,near_miss,"During excavation work on excavation / trench, workers entered 2.5m deep un-shored unstable excavation.",excavation work,excavation collapse / cave-in,unknown,worker exposed to excavation collapse,potential kinetic / soil mass energy,excavation / trench,inappropriate positioning / procedure non-compliance,excavation wall instability,excavation protection,shoring / excavation protective system missing,fatal crush / burial,1,workers entered 2.5m deep un-shored unstable excavation
REP-SAFE-c76515ff,pair_0235,safety_observation,"During excavation work on excavation / trench, hydraulic shoring boxes & trench shield was in place. trench box installed & soil benching verified.",excavation work,excavation collapse / cave-in,unknown,trench box installed & soil benching verified,potential kinetic / soil mass energy,excavation / trench,procedure compliance,excavation wall instability,hydraulic shoring boxes & trench shield,none,no consequence / controlled operation,0,Safe operation: hydraulic shoring boxes & trench shield
REP-SIF-90f7d4ad,pair_0236,near_miss,"During machinery operation / grinding on grinding machinery, grinding machine operated with guard removed.",machinery operation / grinding,rotating machinery / caught-in,unknown,worker exposed to unguarded rotating machinery,electrical energy,grinding machinery,inappropriate positioning / procedure non-compliance,unknown,machine guarding,"machine guard removed, missing, or bypassed",severe / fatal caught-in or struck-by injury,1,grinding machine operated with guard removed
REP-SAFE-d1fc805d,pair_0236,near_miss,"During machinery operation / grinding on grinding machinery, factory guard installed & inspect before use was in place. interlocked guard fully functional during grinding operation.",machinery operation / grinding,rotating machinery / caught-in,unknown,interlocked guard fully functional during grinding operation,electrical energy,grinding machinery,procedure compliance,unknown,factory guard installed & inspect before use,none,no consequence / controlled operation,0,Safe operation: factory guard installed & inspect before use
REP-SIF-279a49a9,pair_0237,incident,"During work at height on scaffold / elevated platform / ladder, work at 8m height on elevated platform without harness 100% tie-off.",work at height,fall from height,unknown,worker exposed to unprotected fall hazard,potential kinetic / gravitational energy,scaffold / elevated platform / ladder,inappropriate positioning / procedure non-compliance,elevated work location,fall protection system,fall protection missing or not used,fatal fall from elevation,1,work at 8m height on elevated platform without harness 100% tie-off
REP-SAFE-59d943e0,pair_0237,near_miss,"During work at height on scaffold / elevated platform / ladder, 100% harness tie-off & lifeline system was in place. worker fully secured with dual-leg shock-absorbing lanyards.",work at height,fall from height,unknown,worker fully secured with dual-leg shock-absorbing lanyards,potential kinetic / gravitational energy,scaffold / elevated platform / ladder,procedure compliance,elevated work location,100% harness tie-off & lifeline system,none,no consequence / controlled operation,0,Safe operation: 100% harness tie-off & lifeline system
REP-SIF-c8b1657e,pair_0238,unsafe_act,"During excavation work on excavation / trench, workers entered 2.5m deep un-shored unstable excavation.",excavation work,excavation collapse / cave-in,unknown,worker exposed to excavation collapse,potential kinetic / soil mass energy,excavation / trench,inappropriate positioning / procedure non-compliance,excavation wall instability,excavation protection,shoring / excavation protective system missing,fatal crush / burial,1,workers entered 2.5m deep un-shored unstable excavation
REP-SAFE-a22a2b3f,pair_0238,near_miss,"During excavation work on excavation / trench, hydraulic shoring boxes & trench shield was in place. trench box installed & soil benching verified.",excavation work,excavation collapse / cave-in,unknown,trench box installed & soil benching verified,potential kinetic / soil mass energy,excavation / trench,procedure compliance,excavation wall instability,hydraulic shoring boxes & trench shield,none,no consequence / controlled operation,0,Safe operation: hydraulic shoring boxes & trench shield
REP-SIF-f481e839,pair_0239,unsafe_act,"During hot work on vessel / container / process line, welding near hydrocarbon lines without required gas test or valid hot work permit.",hot work,fire / explosion / flammable atmosphere,hydrocarbons / flammable gas,worker exposed to flammable vapor ignition,chemical / toxic gas energy,vessel / container / process line,inappropriate positioning / procedure non-compliance,unknown,gas testing,required gas testing missing or not completed,fatal burns / blast trauma,1,welding near hydrocarbon lines without required gas test or valid hot work permit
REP-SAFE-2c425e16,pair_0239,near_miss,"During hot work on vessel / container / process line, continuous LEL monitoring & hot work permit was in place. continuous LEL reading 0.0% verified before torch ignition.",hot work,fire / explosion / flammable atmosphere,hydrocarbons / flammable gas,continuous LEL reading 0.0% verified before torch ignition,chemical / toxic gas energy,vessel / container / process line,procedure compliance,unknown,continuous LEL monitoring & hot work permit,none,no consequence / controlled operation,0,Safe operation: continuous LEL monitoring & hot work permit
REP-SIF-735ebb7c,pair_0240,unsafe_act,"During lifting operation on crane / lifting equipment, workers standing under suspended crane load without barricaded drop zone.",lifting operation,suspended load / struck-by,unknown,worker in line of fire under suspended load,potential kinetic / gravitational energy,crane / lifting equipment,inappropriate positioning / procedure non-compliance,unknown,exclusion zone / barricading,exclusion zone or barricading missing/breached,fatal crush / severe blunt force trauma,1,workers standing under suspended crane load without barricaded drop zone
REP-SAFE-2ca78842,pair_0240,near_miss,"During lifting operation on crane / lifting equipment, barricaded exclusion zone & tag lines used was in place. workers stationed outside drop radius using tag lines.",lifting operation,suspended load / struck-by,unknown,workers stationed outside drop radius using tag lines,potential kinetic / gravitational energy,crane / lifting equipment,procedure compliance,unknown,barricaded exclusion zone & tag lines used,none,no consequence / controlled operation,0,Safe operation: barricaded exclusion zone & tag lines used
REP-SIF-3e515440,pair_0241,incident,"During machinery operation / grinding on grinding machinery, grinding machine operated with guard removed.",machinery operation / grinding,rotating machinery / caught-in,unknown,worker exposed to unguarded rotating machinery,electrical energy,grinding machinery,inappropriate positioning / procedure non-compliance,unknown,machine guarding,"machine guard removed, missing, or bypassed",severe / fatal caught-in or struck-by injury,1,grinding machine operated with guard removed
REP-SAFE-443ff780,pair_0241,near_miss,"During machinery operation / grinding on grinding machinery, factory guard installed & inspect before use was in place. interlocked guard fully functional during grinding operation.",machinery operation / grinding,rotating machinery / caught-in,unknown,interlocked guard fully functional during grinding operation,electrical energy,grinding machinery,procedure compliance,unknown,factory guard installed & inspect before use,none,no consequence / controlled operation,0,Safe operation: factory guard installed & inspect before use
REP-SIF-3bf63966,pair_0242,near_miss,"During work at height on scaffold / elevated platform / ladder, work at 8m height on elevated platform without harness 100% tie-off.",work at height,fall from height,unknown,worker exposed to unprotected fall hazard,potential kinetic / gravitational energy,scaffold / elevated platform / ladder,inappropriate positioning / procedure non-compliance,elevated work location,fall protection system,fall protection missing or not used,fatal fall from elevation,1,work at 8m height on elevated platform without harness 100% tie-off
REP-SAFE-f11c6d9e,pair_0242,safety_observation,"During work at height on scaffold / elevated platform / ladder, 100% harness tie-off & lifeline system was in place. worker fully secured with dual-leg shock-absorbing lanyards.",work at height,fall from height,unknown,worker fully secured with dual-leg shock-absorbing lanyards,potential kinetic / gravitational energy,scaffold / elevated platform / ladder,procedure compliance,elevated work location,100% harness tie-off & lifeline system,none,no consequence / controlled operation,0,Safe operation: 100% harness tie-off & lifeline system
REP-SIF-68e2dcb1,pair_0243,near_miss,"During lifting operation on crane / lifting equipment, workers standing under suspended crane load without barricaded drop zone.",lifting operation,suspended load / struck-by,unknown,worker in line of fire under suspended load,potential kinetic / gravitational energy,crane / lifting equipment,inappropriate positioning / procedure non-compliance,unknown,exclusion zone / barricading,exclusion zone or barricading missing/breached,fatal crush / severe blunt force trauma,1,workers standing under suspended crane load without barricaded drop zone
REP-SAFE-46d8810d,pair_0243,safety_observation,"During lifting operation on crane / lifting equipment, barricaded exclusion zone & tag lines used was in place. workers stationed outside drop radius using tag lines.",lifting operation,suspended load / struck-by,unknown,workers stationed outside drop radius using tag lines,potential kinetic / gravitational energy,crane / lifting equipment,procedure compliance,unknown,barricaded exclusion zone & tag lines used,none,no consequence / controlled operation,0,Safe operation: barricaded exclusion zone & tag lines used
REP-SIF-77e01055,pair_0244,near_miss,"During work at height on scaffold / elevated platform / ladder, work at 8m height on elevated platform without harness 100% tie-off.",work at height,fall from height,unknown,worker exposed to unprotected fall hazard,potential kinetic / gravitational energy,scaffold / elevated platform / ladder,inappropriate positioning / procedure non-compliance,elevated work location,fall protection system,fall protection missing or not used,fatal fall from elevation,1,work at 8m height on elevated platform without harness 100% tie-off
REP-SAFE-754477cd,pair_0244,near_miss,"During work at height on scaffold / elevated platform / ladder, 100% harness tie-off & lifeline system was in place. worker fully secured with dual-leg shock-absorbing lanyards.",work at height,fall from height,unknown,worker fully secured with dual-leg shock-absorbing lanyards,potential kinetic / gravitational energy,scaffold / elevated platform / ladder,procedure compliance,elevated work location,100% harness tie-off & lifeline system,none,no consequence / controlled operation,0,Safe operation: 100% harness tie-off & lifeline system
REP-SIF-42c5ef49,pair_0245,unsafe_act,"During machinery operation / grinding on grinding machinery, grinding machine operated with guard removed.",machinery operation / grinding,rotating machinery / caught-in,unknown,worker exposed to unguarded rotating machinery,electrical energy,grinding machinery,inappropriate positioning / procedure non-compliance,unknown,machine guarding,"machine guard removed, missing, or bypassed",severe / fatal caught-in or struck-by injury,1,grinding machine operated with guard removed
REP-SAFE-0ea9825a,pair_0245,near_miss,"During machinery operation / grinding on grinding machinery, factory guard installed & inspect before use was in place. interlocked guard fully functional during grinding operation.",machinery operation / grinding,rotating machinery / caught-in,unknown,interlocked guard fully functional during grinding operation,electrical energy,grinding machinery,procedure compliance,unknown,factory guard installed & inspect before use,none,no consequence / controlled operation,0,Safe operation: factory guard installed & inspect before use
REP-SIF-03700bf4,pair_0246,near_miss,"During pressurized system maintenance on centrifugal pump, flange opened on pressurized line without zero-pressure verification.",pressurized system maintenance,pressure release,hydrocarbons / flammable gas,worker exposed to hazardous pressure release,pressurized fluid / gas energy,centrifugal pump,inappropriate positioning / procedure non-compliance,unknown,pressure isolation / depressurization,pressure isolation or zero-energy verification not confirmed,severe / fatal pressure release & impact injury,1,flange opened on pressurized line without zero-pressure verification
REP-SAFE-5862d535,pair_0246,near_miss,"During pressurized system maintenance on centrifugal pump, pressure isolation & depressurization verified was in place. zero residual pressure confirmed before opening line.",pressurized system maintenance,pressure release,hydrocarbons / flammable gas,zero residual pressure confirmed before opening line,pressurized fluid / gas energy,centrifugal pump,procedure compliance,unknown,pressure isolation & depressurization verified,none,no consequence / controlled operation,0,Safe operation: pressure isolation & depressurization verified
REP-SIF-6062bcd7,pair_0247,incident,"During work at height on scaffold / elevated platform / ladder, work at 8m height on elevated platform without harness 100% tie-off.",work at height,fall from height,unknown,worker exposed to unprotected fall hazard,potential kinetic / gravitational energy,scaffold / elevated platform / ladder,inappropriate positioning / procedure non-compliance,elevated work location,fall protection system,fall protection missing or not used,fatal fall from elevation,1,work at 8m height on elevated platform without harness 100% tie-off
REP-SAFE-e41dcffe,pair_0247,safety_observation,"During work at height on scaffold / elevated platform / ladder, 100% harness tie-off & lifeline system was in place. worker fully secured with dual-leg shock-absorbing lanyards.",work at height,fall from height,unknown,worker fully secured with dual-leg shock-absorbing lanyards,potential kinetic / gravitational energy,scaffold / elevated platform / ladder,procedure compliance,elevated work location,100% harness tie-off & lifeline system,none,no consequence / controlled operation,0,Safe operation: 100% harness tie-off & lifeline system
REP-SIF-e779a67f,pair_0248,near_miss,"During machinery operation / grinding on grinding machinery, grinding machine operated with guard removed.",machinery operation / grinding,rotating machinery / caught-in,unknown,worker exposed to unguarded rotating machinery,electrical energy,grinding machinery,inappropriate positioning / procedure non-compliance,unknown,machine guarding,"machine guard removed, missing, or bypassed",severe / fatal caught-in or struck-by injury,1,grinding machine operated with guard removed
REP-SAFE-108c215e,pair_0248,safety_observation,"During machinery operation / grinding on grinding machinery, factory guard installed & inspect before use was in place. interlocked guard fully functional during grinding operation.",machinery operation / grinding,rotating machinery / caught-in,unknown,interlocked guard fully functional during grinding operation,electrical energy,grinding machinery,procedure compliance,unknown,factory guard installed & inspect before use,none,no consequence / controlled operation,0,Safe operation: factory guard installed & inspect before use
REP-SIF-ba46ab29,pair_0249,near_miss,"During machinery operation / grinding on grinding machinery, grinding machine operated with guard removed.",machinery operation / grinding,rotating machinery / caught-in,unknown,worker exposed to unguarded rotating machinery,electrical energy,grinding machinery,inappropriate positioning / procedure non-compliance,unknown,machine guarding,"machine guard removed, missing, or bypassed",severe / fatal caught-in or struck-by injury,1,grinding machine operated with guard removed
REP-SAFE-5d5edb68,pair_0249,safety_observation,"During machinery operation / grinding on grinding machinery, factory guard installed & inspect before use was in place. interlocked guard fully functional during grinding operation.",machinery operation / grinding,rotating machinery / caught-in,unknown,interlocked guard fully functional during grinding operation,electrical energy,grinding machinery,procedure compliance,unknown,factory guard installed & inspect before use,none,no consequence / controlled operation,0,Safe operation: factory guard installed & inspect before use
REP-SIF-a7826370,pair_0250,incident,"During vehicle / pedestrian interaction on heavy transport truck, pedestrians allowed to enter un-barricaded vehicle operating zone.",vehicle / pedestrian interaction,vehicle-pedestrian interaction / struck-by,unknown,pedestrian exposed to moving vehicle,vehicle kinetic energy,heavy transport truck,inappropriate positioning / procedure non-compliance,unknown,exclusion zone / barricading,exclusion zone or barricading missing/breached,fatal struck-by / crush injury,1,pedestrians allowed to enter un-barricaded vehicle operating zone
REP-SAFE-01c6f23e,pair_0250,safety_observation,"During vehicle / pedestrian interaction on heavy transport truck, physical pedestrian walkways & spotter was in place. designated pedestrian walkways separated by steel crash barriers.",vehicle / pedestrian interaction,vehicle-pedestrian interaction / struck-by,unknown,designated pedestrian walkways separated by steel crash barriers,vehicle kinetic energy,heavy transport truck,procedure compliance,unknown,physical pedestrian walkways & spotter,none,no consequence / controlled operation,0,Safe operation: physical pedestrian walkways & spotter
REP-SIF-8e8a6e95,pair_0251,near_miss,"During excavation work on excavation / trench, workers entered 2.5m deep un-shored unstable excavation.",excavation work,excavation collapse / cave-in,unknown,worker exposed to excavation collapse,potential kinetic / soil mass energy,excavation / trench,inappropriate positioning / procedure non-compliance,excavation wall instability,excavation protection,shoring / excavation protective system missing,fatal crush / burial,1,workers entered 2.5m deep un-shored unstable excavation
REP-SAFE-08cbbda2,pair_0251,safety_observation,"During excavation work on excavation / trench, hydraulic shoring boxes & trench shield was in place. trench box installed & soil benching verified.",excavation work,excavation collapse / cave-in,unknown,trench box installed & soil benching verified,potential kinetic / soil mass energy,excavation / trench,procedure compliance,excavation wall instability,hydraulic shoring boxes & trench shield,none,no consequence / controlled operation,0,Safe operation: hydraulic shoring boxes & trench shield
REP-SIF-55954de9,pair_0252,incident,"During machinery operation / grinding on grinding machinery, grinding machine operated with guard removed.",machinery operation / grinding,rotating machinery / caught-in,unknown,worker exposed to unguarded rotating machinery,electrical energy,grinding machinery,inappropriate positioning / procedure non-compliance,unknown,machine guarding,"machine guard removed, missing, or bypassed",severe / fatal caught-in or struck-by injury,1,grinding machine operated with guard removed
REP-SAFE-e29f9860,pair_0252,near_miss,"During machinery operation / grinding on grinding machinery, factory guard installed & inspect before use was in place. interlocked guard fully functional during grinding operation.",machinery operation / grinding,rotating machinery / caught-in,unknown,interlocked guard fully functional during grinding operation,electrical energy,grinding machinery,procedure compliance,unknown,factory guard installed & inspect before use,none,no consequence / controlled operation,0,Safe operation: factory guard installed & inspect before use
REP-SIF-6969e1d0,pair_0253,incident,"During excavation work on excavation / trench, workers entered 2.5m deep un-shored unstable excavation.",excavation work,excavation collapse / cave-in,unknown,worker exposed to excavation collapse,potential kinetic / soil mass energy,excavation / trench,inappropriate positioning / procedure non-compliance,excavation wall instability,excavation protection,shoring / excavation protective system missing,fatal crush / burial,1,workers entered 2.5m deep un-shored unstable excavation
REP-SAFE-6e97444c,pair_0253,safety_observation,"During excavation work on excavation / trench, hydraulic shoring boxes & trench shield was in place. trench box installed & soil benching verified.",excavation work,excavation collapse / cave-in,unknown,trench box installed & soil benching verified,potential kinetic / soil mass energy,excavation / trench,procedure compliance,excavation wall instability,hydraulic shoring boxes & trench shield,none,no consequence / controlled operation,0,Safe operation: hydraulic shoring boxes & trench shield
REP-SIF-cbacdfc8,pair_0254,incident,"During pressurized system maintenance on centrifugal pump, centrifugal pump maintenance started without LOTO or electrical isolation.",pressurized system maintenance,pressure release / energy isolation,unknown,worker exposed to energized machinery / unverified LOTO,electrical energy,centrifugal pump,inappropriate positioning / procedure non-compliance,unknown,energy isolation (LOTO),"energy isolation bypassed, missing, or not verified",severe / fatal electrical shock or caught-in injury,1,centrifugal pump maintenance started without LOTO or electrical isolation
REP-SAFE-08068b89,pair_0254,near_miss,"During pressurized system maintenance on centrifugal pump, energy isolation (LOTO) & breaker locked out was in place. equipment isolated and LOTO verified before maintenance.",pressurized system maintenance,pressure release / energy isolation,unknown,equipment isolated and LOTO verified before maintenance,electrical energy,centrifugal pump,procedure compliance,unknown,energy isolation (LOTO) & breaker locked out,none,no consequence / controlled operation,0,Safe operation: energy isolation (LOTO) & breaker locked out
REP-SIF-d42e338d,pair_0255,near_miss,"During pressurized system maintenance on centrifugal pump, flange opened on pressurized line without zero-pressure verification.",pressurized system maintenance,pressure release,hydrocarbons / flammable gas,worker exposed to hazardous pressure release,pressurized fluid / gas energy,centrifugal pump,inappropriate positioning / procedure non-compliance,unknown,pressure isolation / depressurization,pressure isolation or zero-energy verification not confirmed,severe / fatal pressure release & impact injury,1,flange opened on pressurized line without zero-pressure verification
REP-SAFE-a3a2f871,pair_0255,near_miss,"During pressurized system maintenance on centrifugal pump, pressure isolation & depressurization verified was in place. zero residual pressure confirmed before opening line.",pressurized system maintenance,pressure release,hydrocarbons / flammable gas,zero residual pressure confirmed before opening line,pressurized fluid / gas energy,centrifugal pump,procedure compliance,unknown,pressure isolation & depressurization verified,none,no consequence / controlled operation,0,Safe operation: pressure isolation & depressurization verified
REP-SIF-98dadb45,pair_0256,near_miss,"During excavation work on excavation / trench, workers entered 2.5m deep un-shored unstable excavation.",excavation work,excavation collapse / cave-in,unknown,worker exposed to excavation collapse,potential kinetic / soil mass energy,excavation / trench,inappropriate positioning / procedure non-compliance,excavation wall instability,excavation protection,shoring / excavation protective system missing,fatal crush / burial,1,workers entered 2.5m deep un-shored unstable excavation
REP-SAFE-d665dd05,pair_0256,safety_observation,"During excavation work on excavation / trench, hydraulic shoring boxes & trench shield was in place. trench box installed & soil benching verified.",excavation work,excavation collapse / cave-in,unknown,trench box installed & soil benching verified,potential kinetic / soil mass energy,excavation / trench,procedure compliance,excavation wall instability,hydraulic shoring boxes & trench shield,none,no consequence / controlled operation,0,Safe operation: hydraulic shoring boxes & trench shield
REP-SIF-21d7d07c,pair_0257,near_miss,"During confined space entry on vessel / container / process line, untested confined space entry with acute H2S toxicity risk.",confined space entry,toxic gas / hazardous atmosphere,hydrogen sulfide (h2s),worker exposed to toxic gas / oxygen deficiency,chemical / toxic gas energy,vessel / container / process line,inappropriate positioning / procedure non-compliance,confined space atmosphere,atmospheric testing,atmospheric testing missing or not performed,fatal asphyxiation / acute toxicity poisoning,1,untested confined space entry with acute H2S toxicity risk
REP-SAFE-7f0b1619,pair_0257,near_miss,"During confined space entry on vessel / container / process line, atmospheric testing completed & verified was in place. safe atmospheric conditions verified prior to entry.",confined space entry,toxic gas / hazardous atmosphere,hydrogen sulfide (h2s),safe atmospheric conditions verified prior to entry,chemical / toxic gas energy,vessel / container / process line,procedure compliance,confined space atmosphere,atmospheric testing completed & verified,none,no consequence / controlled operation,0,Safe operation: atmospheric testing completed & verified
REP-SIF-737bb9ae,pair_0258,near_miss,"During pressurized system maintenance on centrifugal pump, flange opened on pressurized line without zero-pressure verification.",pressurized system maintenance,pressure release,hydrocarbons / flammable gas,worker exposed to hazardous pressure release,pressurized fluid / gas energy,centrifugal pump,inappropriate positioning / procedure non-compliance,unknown,pressure isolation / depressurization,pressure isolation or zero-energy verification not confirmed,severe / fatal pressure release & impact injury,1,flange opened on pressurized line without zero-pressure verification
REP-SAFE-706edc58,pair_0258,safety_observation,"During pressurized system maintenance on centrifugal pump, pressure isolation & depressurization verified was in place. zero residual pressure confirmed before opening line.",pressurized system maintenance,pressure release,hydrocarbons / flammable gas,zero residual pressure confirmed before opening line,pressurized fluid / gas energy,centrifugal pump,procedure compliance,unknown,pressure isolation & depressurization verified,none,no consequence / controlled operation,0,Safe operation: pressure isolation & depressurization verified
REP-SIF-6ab1ee85,pair_0259,incident,"During vehicle / pedestrian interaction on heavy transport truck, pedestrians allowed to enter un-barricaded vehicle operating zone.",vehicle / pedestrian interaction,vehicle-pedestrian interaction / struck-by,unknown,pedestrian exposed to moving vehicle,vehicle kinetic energy,heavy transport truck,inappropriate positioning / procedure non-compliance,unknown,exclusion zone / barricading,exclusion zone or barricading missing/breached,fatal struck-by / crush injury,1,pedestrians allowed to enter un-barricaded vehicle operating zone
REP-SAFE-03b9b7e1,pair_0259,safety_observation,"During vehicle / pedestrian interaction on heavy transport truck, physical pedestrian walkways & spotter was in place. designated pedestrian walkways separated by steel crash barriers.",vehicle / pedestrian interaction,vehicle-pedestrian interaction / struck-by,unknown,designated pedestrian walkways separated by steel crash barriers,vehicle kinetic energy,heavy transport truck,procedure compliance,unknown,physical pedestrian walkways & spotter,none,no consequence / controlled operation,0,Safe operation: physical pedestrian walkways & spotter
REP-SIF-8324dfad,pair_0260,incident,"During vehicle / pedestrian interaction on heavy transport truck, pedestrians allowed to enter un-barricaded vehicle operating zone.",vehicle / pedestrian interaction,vehicle-pedestrian interaction / struck-by,unknown,pedestrian exposed to moving vehicle,vehicle kinetic energy,heavy transport truck,inappropriate positioning / procedure non-compliance,unknown,exclusion zone / barricading,exclusion zone or barricading missing/breached,fatal struck-by / crush injury,1,pedestrians allowed to enter un-barricaded vehicle operating zone
REP-SAFE-b3c43ff8,pair_0260,near_miss,"During vehicle / pedestrian interaction on heavy transport truck, physical pedestrian walkways & spotter was in place. designated pedestrian walkways separated by steel crash barriers.",vehicle / pedestrian interaction,vehicle-pedestrian interaction / struck-by,unknown,designated pedestrian walkways separated by steel crash barriers,vehicle kinetic energy,heavy transport truck,procedure compliance,unknown,physical pedestrian walkways & spotter,none,no consequence / controlled operation,0,Safe operation: physical pedestrian walkways & spotter
REP-SIF-226c6c2b,pair_0261,incident,"During excavation work on excavation / trench, workers entered 2.5m deep un-shored unstable excavation.",excavation work,excavation collapse / cave-in,unknown,worker exposed to excavation collapse,potential kinetic / soil mass energy,excavation / trench,inappropriate positioning / procedure non-compliance,excavation wall instability,excavation protection,shoring / excavation protective system missing,fatal crush / burial,1,workers entered 2.5m deep un-shored unstable excavation
REP-SAFE-972884e6,pair_0261,near_miss,"During excavation work on excavation / trench, hydraulic shoring boxes & trench shield was in place. trench box installed & soil benching verified.",excavation work,excavation collapse / cave-in,unknown,trench box installed & soil benching verified,potential kinetic / soil mass energy,excavation / trench,procedure compliance,excavation wall instability,hydraulic shoring boxes & trench shield,none,no consequence / controlled operation,0,Safe operation: hydraulic shoring boxes & trench shield
REP-SIF-9259f5ba,pair_0262,unsafe_act,"During machinery operation / grinding on grinding machinery, grinding machine operated with guard removed.",machinery operation / grinding,rotating machinery / caught-in,unknown,worker exposed to unguarded rotating machinery,electrical energy,grinding machinery,inappropriate positioning / procedure non-compliance,unknown,machine guarding,"machine guard removed, missing, or bypassed",severe / fatal caught-in or struck-by injury,1,grinding machine operated with guard removed
REP-SAFE-e74f54d7,pair_0262,safety_observation,"During machinery operation / grinding on grinding machinery, factory guard installed & inspect before use was in place. interlocked guard fully functional during grinding operation.",machinery operation / grinding,rotating machinery / caught-in,unknown,interlocked guard fully functional during grinding operation,electrical energy,grinding machinery,procedure compliance,unknown,factory guard installed & inspect before use,none,no consequence / controlled operation,0,Safe operation: factory guard installed & inspect before use
REP-SIF-569edd47,pair_0263,near_miss,"During pressurized system maintenance on centrifugal pump, flange opened on pressurized line without zero-pressure verification.",pressurized system maintenance,pressure release,hydrocarbons / flammable gas,worker exposed to hazardous pressure release,pressurized fluid / gas energy,centrifugal pump,inappropriate positioning / procedure non-compliance,unknown,pressure isolation / depressurization,pressure isolation or zero-energy verification not confirmed,severe / fatal pressure release & impact injury,1,flange opened on pressurized line without zero-pressure verification
REP-SAFE-3621f540,pair_0263,safety_observation,"During pressurized system maintenance on centrifugal pump, pressure isolation & depressurization verified was in place. zero residual pressure confirmed before opening line.",pressurized system maintenance,pressure release,hydrocarbons / flammable gas,zero residual pressure confirmed before opening line,pressurized fluid / gas energy,centrifugal pump,procedure compliance,unknown,pressure isolation & depressurization verified,none,no consequence / controlled operation,0,Safe operation: pressure isolation & depressurization verified
REP-SIF-26ca4795,pair_0264,unsafe_act,"During machinery operation / grinding on grinding machinery, grinding machine operated with guard removed.",machinery operation / grinding,rotating machinery / caught-in,unknown,worker exposed to unguarded rotating machinery,electrical energy,grinding machinery,inappropriate positioning / procedure non-compliance,unknown,machine guarding,"machine guard removed, missing, or bypassed",severe / fatal caught-in or struck-by injury,1,grinding machine operated with guard removed
REP-SAFE-1d7aeaf5,pair_0264,safety_observation,"During machinery operation / grinding on grinding machinery, factory guard installed & inspect before use was in place. interlocked guard fully functional during grinding operation.",machinery operation / grinding,rotating machinery / caught-in,unknown,interlocked guard fully functional during grinding operation,electrical energy,grinding machinery,procedure compliance,unknown,factory guard installed & inspect before use,none,no consequence / controlled operation,0,Safe operation: factory guard installed & inspect before use
REP-SIF-5a068bf3,pair_0265,near_miss,"During confined space entry on vessel / container / process line, untested confined space entry with acute H2S toxicity risk.",confined space entry,toxic gas / hazardous atmosphere,hydrogen sulfide (h2s),worker exposed to toxic gas / oxygen deficiency,chemical / toxic gas energy,vessel / container / process line,inappropriate positioning / procedure non-compliance,confined space atmosphere,atmospheric testing,atmospheric testing missing or not performed,fatal asphyxiation / acute toxicity poisoning,1,untested confined space entry with acute H2S toxicity risk
REP-SAFE-b74cfff1,pair_0265,safety_observation,"During confined space entry on vessel / container / process line, atmospheric testing completed & verified was in place. safe atmospheric conditions verified prior to entry.",confined space entry,toxic gas / hazardous atmosphere,hydrogen sulfide (h2s),safe atmospheric conditions verified prior to entry,chemical / toxic gas energy,vessel / container / process line,procedure compliance,confined space atmosphere,atmospheric testing completed & verified,none,no consequence / controlled operation,0,Safe operation: atmospheric testing completed & verified
REP-SIF-77d32de6,pair_0266,near_miss,"During vehicle / pedestrian interaction on heavy transport truck, pedestrians allowed to enter un-barricaded vehicle operating zone.",vehicle / pedestrian interaction,vehicle-pedestrian interaction / struck-by,unknown,pedestrian exposed to moving vehicle,vehicle kinetic energy,heavy transport truck,inappropriate positioning / procedure non-compliance,unknown,exclusion zone / barricading,exclusion zone or barricading missing/breached,fatal struck-by / crush injury,1,pedestrians allowed to enter un-barricaded vehicle operating zone
REP-SAFE-73b069c3,pair_0266,safety_observation,"During vehicle / pedestrian interaction on heavy transport truck, physical pedestrian walkways & spotter was in place. designated pedestrian walkways separated by steel crash barriers.",vehicle / pedestrian interaction,vehicle-pedestrian interaction / struck-by,unknown,designated pedestrian walkways separated by steel crash barriers,vehicle kinetic energy,heavy transport truck,procedure compliance,unknown,physical pedestrian walkways & spotter,none,no consequence / controlled operation,0,Safe operation: physical pedestrian walkways & spotter
REP-SIF-576919d9,pair_0267,incident,"During pressurized system maintenance on centrifugal pump, centrifugal pump maintenance started without LOTO or electrical isolation.",pressurized system maintenance,pressure release / energy isolation,unknown,worker exposed to energized machinery / unverified LOTO,electrical energy,centrifugal pump,inappropriate positioning / procedure non-compliance,unknown,energy isolation (LOTO),"energy isolation bypassed, missing, or not verified",severe / fatal electrical shock or caught-in injury,1,centrifugal pump maintenance started without LOTO or electrical isolation
REP-SAFE-09e73c4f,pair_0267,near_miss,"During pressurized system maintenance on centrifugal pump, energy isolation (LOTO) & breaker locked out was in place. equipment isolated and LOTO verified before maintenance.",pressurized system maintenance,pressure release / energy isolation,unknown,equipment isolated and LOTO verified before maintenance,electrical energy,centrifugal pump,procedure compliance,unknown,energy isolation (LOTO) & breaker locked out,none,no consequence / controlled operation,0,Safe operation: energy isolation (LOTO) & breaker locked out
REP-SIF-bf6f1eeb,pair_0268,incident,"During excavation work on excavation / trench, workers entered 2.5m deep un-shored unstable excavation.",excavation work,excavation collapse / cave-in,unknown,worker exposed to excavation collapse,potential kinetic / soil mass energy,excavation / trench,inappropriate positioning / procedure non-compliance,excavation wall instability,excavation protection,shoring / excavation protective system missing,fatal crush / burial,1,workers entered 2.5m deep un-shored unstable excavation
REP-SAFE-2708c46b,pair_0268,safety_observation,"During excavation work on excavation / trench, hydraulic shoring boxes & trench shield was in place. trench box installed & soil benching verified.",excavation work,excavation collapse / cave-in,unknown,trench box installed & soil benching verified,potential kinetic / soil mass energy,excavation / trench,procedure compliance,excavation wall instability,hydraulic shoring boxes & trench shield,none,no consequence / controlled operation,0,Safe operation: hydraulic shoring boxes & trench shield
REP-SIF-91bde6c9,pair_0269,incident,"During work at height on scaffold / elevated platform / ladder, work at 8m height on elevated platform without harness 100% tie-off.",work at height,fall from height,unknown,worker exposed to unprotected fall hazard,potential kinetic / gravitational energy,scaffold / elevated platform / ladder,inappropriate positioning / procedure non-compliance,elevated work location,fall protection system,fall protection missing or not used,fatal fall from elevation,1,work at 8m height on elevated platform without harness 100% tie-off
REP-SAFE-5f23d9bd,pair_0269,near_miss,"During work at height on scaffold / elevated platform / ladder, 100% harness tie-off & lifeline system was in place. worker fully secured with dual-leg shock-absorbing lanyards.",work at height,fall from height,unknown,worker fully secured with dual-leg shock-absorbing lanyards,potential kinetic / gravitational energy,scaffold / elevated platform / ladder,procedure compliance,elevated work location,100% harness tie-off & lifeline system,none,no consequence / controlled operation,0,Safe operation: 100% harness tie-off & lifeline system
REP-SIF-31a0a35d,pair_0270,near_miss,"During excavation work on excavation / trench, workers entered 2.5m deep un-shored unstable excavation.",excavation work,excavation collapse / cave-in,unknown,worker exposed to excavation collapse,potential kinetic / soil mass energy,excavation / trench,inappropriate positioning / procedure non-compliance,excavation wall instability,excavation protection,shoring / excavation protective system missing,fatal crush / burial,1,workers entered 2.5m deep un-shored unstable excavation
REP-SAFE-a999d731,pair_0270,safety_observation,"During excavation work on excavation / trench, hydraulic shoring boxes & trench shield was in place. trench box installed & soil benching verified.",excavation work,excavation collapse / cave-in,unknown,trench box installed & soil benching verified,potential kinetic / soil mass energy,excavation / trench,procedure compliance,excavation wall instability,hydraulic shoring boxes & trench shield,none,no consequence / controlled operation,0,Safe operation: hydraulic shoring boxes & trench shield
REP-SIF-e279fe69,pair_0271,unsafe_act,"During machinery operation / grinding on grinding machinery, grinding machine operated with guard removed.",machinery operation / grinding,rotating machinery / caught-in,unknown,worker exposed to unguarded rotating machinery,electrical energy,grinding machinery,inappropriate positioning / procedure non-compliance,unknown,machine guarding,"machine guard removed, missing, or bypassed",severe / fatal caught-in or struck-by injury,1,grinding machine operated with guard removed
REP-SAFE-9b41f62d,pair_0271,safety_observation,"During machinery operation / grinding on grinding machinery, factory guard installed & inspect before use was in place. interlocked guard fully functional during grinding operation.",machinery operation / grinding,rotating machinery / caught-in,unknown,interlocked guard fully functional during grinding operation,electrical energy,grinding machinery,procedure compliance,unknown,factory guard installed & inspect before use,none,no consequence / controlled operation,0,Safe operation: factory guard installed & inspect before use
REP-SIF-d9e9f643,pair_0272,near_miss,"During hot work on vessel / container / process line, welding near hydrocarbon lines without required gas test or valid hot work permit.",hot work,fire / explosion / flammable atmosphere,hydrocarbons / flammable gas,worker exposed to flammable vapor ignition,chemical / toxic gas energy,vessel / container / process line,inappropriate positioning / procedure non-compliance,unknown,gas testing,required gas testing missing or not completed,fatal burns / blast trauma,1,welding near hydrocarbon lines without required gas test or valid hot work permit
REP-SAFE-9a74e455,pair_0272,safety_observation,"During hot work on vessel / container / process line, continuous LEL monitoring & hot work permit was in place. continuous LEL reading 0.0% verified before torch ignition.",hot work,fire / explosion / flammable atmosphere,hydrocarbons / flammable gas,continuous LEL reading 0.0% verified before torch ignition,chemical / toxic gas energy,vessel / container / process line,procedure compliance,unknown,continuous LEL monitoring & hot work permit,none,no consequence / controlled operation,0,Safe operation: continuous LEL monitoring & hot work permit
REP-SIF-85b29d53,pair_0273,incident,"During confined space entry on vessel / container / process line, untested confined space entry with acute H2S toxicity risk.",confined space entry,toxic gas / hazardous atmosphere,hydrogen sulfide (h2s),worker exposed to toxic gas / oxygen deficiency,chemical / toxic gas energy,vessel / container / process line,inappropriate positioning / procedure non-compliance,confined space atmosphere,atmospheric testing,atmospheric testing missing or not performed,fatal asphyxiation / acute toxicity poisoning,1,untested confined space entry with acute H2S toxicity risk
REP-SAFE-bb2390a8,pair_0273,safety_observation,"During confined space entry on vessel / container / process line, atmospheric testing completed & verified was in place. safe atmospheric conditions verified prior to entry.",confined space entry,toxic gas / hazardous atmosphere,hydrogen sulfide (h2s),safe atmospheric conditions verified prior to entry,chemical / toxic gas energy,vessel / container / process line,procedure compliance,confined space atmosphere,atmospheric testing completed & verified,none,no consequence / controlled operation,0,Safe operation: atmospheric testing completed & verified
REP-SIF-31bd40dc,pair_0274,near_miss,"During pressurized system maintenance on centrifugal pump, flange opened on pressurized line without zero-pressure verification.",pressurized system maintenance,pressure release,hydrocarbons / flammable gas,worker exposed to hazardous pressure release,pressurized fluid / gas energy,centrifugal pump,inappropriate positioning / procedure non-compliance,unknown,pressure isolation / depressurization,pressure isolation or zero-energy verification not confirmed,severe / fatal pressure release & impact injury,1,flange opened on pressurized line without zero-pressure verification
REP-SAFE-c503fae6,pair_0274,safety_observation,"During pressurized system maintenance on centrifugal pump, pressure isolation & depressurization verified was in place. zero residual pressure confirmed before opening line.",pressurized system maintenance,pressure release,hydrocarbons / flammable gas,zero residual pressure confirmed before opening line,pressurized fluid / gas energy,centrifugal pump,procedure compliance,unknown,pressure isolation & depressurization verified,none,no consequence / controlled operation,0,Safe operation: pressure isolation & depressurization verified
REP-SIF-d353208b,pair_0275,unsafe_act,"During machinery operation / grinding on grinding machinery, grinding machine operated with guard removed.",machinery operation / grinding,rotating machinery / caught-in,unknown,worker exposed to unguarded rotating machinery,electrical energy,grinding machinery,inappropriate positioning / procedure non-compliance,unknown,machine guarding,"machine guard removed, missing, or bypassed",severe / fatal caught-in or struck-by injury,1,grinding machine operated with guard removed
REP-SAFE-9555d09a,pair_0275,near_miss,"During machinery operation / grinding on grinding machinery, factory guard installed & inspect before use was in place. interlocked guard fully functional during grinding operation.",machinery operation / grinding,rotating machinery / caught-in,unknown,interlocked guard fully functional during grinding operation,electrical energy,grinding machinery,procedure compliance,unknown,factory guard installed & inspect before use,none,no consequence / controlled operation,0,Safe operation: factory guard installed & inspect before use
REP-SIF-07d6ca7f,pair_0276,near_miss,"During excavation work on excavation / trench, workers entered 2.5m deep un-shored unstable excavation.",excavation work,excavation collapse / cave-in,unknown,worker exposed to excavation collapse,potential kinetic / soil mass energy,excavation / trench,inappropriate positioning / procedure non-compliance,excavation wall instability,excavation protection,shoring / excavation protective system missing,fatal crush / burial,1,workers entered 2.5m deep un-shored unstable excavation
REP-SAFE-331217c0,pair_0276,near_miss,"During excavation work on excavation / trench, hydraulic shoring boxes & trench shield was in place. trench box installed & soil benching verified.",excavation work,excavation collapse / cave-in,unknown,trench box installed & soil benching verified,potential kinetic / soil mass energy,excavation / trench,procedure compliance,excavation wall instability,hydraulic shoring boxes & trench shield,none,no consequence / controlled operation,0,Safe operation: hydraulic shoring boxes & trench shield
REP-SIF-886f7179,pair_0277,unsafe_act,"During machinery operation / grinding on grinding machinery, grinding machine operated with guard removed.",machinery operation / grinding,rotating machinery / caught-in,unknown,worker exposed to unguarded rotating machinery,electrical energy,grinding machinery,inappropriate positioning / procedure non-compliance,unknown,machine guarding,"machine guard removed, missing, or bypassed",severe / fatal caught-in or struck-by injury,1,grinding machine operated with guard removed
REP-SAFE-fbf996af,pair_0277,near_miss,"During machinery operation / grinding on grinding machinery, factory guard installed & inspect before use was in place. interlocked guard fully functional during grinding operation.",machinery operation / grinding,rotating machinery / caught-in,unknown,interlocked guard fully functional during grinding operation,electrical energy,grinding machinery,procedure compliance,unknown,factory guard installed & inspect before use,none,no consequence / controlled operation,0,Safe operation: factory guard installed & inspect before use
REP-SIF-387f0274,pair_0278,unsafe_act,"During machinery operation / grinding on grinding machinery, grinding machine operated with guard removed.",machinery operation / grinding,rotating machinery / caught-in,unknown,worker exposed to unguarded rotating machinery,electrical energy,grinding machinery,inappropriate positioning / procedure non-compliance,unknown,machine guarding,"machine guard removed, missing, or bypassed",severe / fatal caught-in or struck-by injury,1,grinding machine operated with guard removed
REP-SAFE-d6002b4e,pair_0278,near_miss,"During machinery operation / grinding on grinding machinery, factory guard installed & inspect before use was in place. interlocked guard fully functional during grinding operation.",machinery operation / grinding,rotating machinery / caught-in,unknown,interlocked guard fully functional during grinding operation,electrical energy,grinding machinery,procedure compliance,unknown,factory guard installed & inspect before use,none,no consequence / controlled operation,0,Safe operation: factory guard installed & inspect before use
REP-SIF-1900725e,pair_0279,near_miss,"During excavation work on excavation / trench, workers entered 2.5m deep un-shored unstable excavation.",excavation work,excavation collapse / cave-in,unknown,worker exposed to excavation collapse,potential kinetic / soil mass energy,excavation / trench,inappropriate positioning / procedure non-compliance,excavation wall instability,excavation protection,shoring / excavation protective system missing,fatal crush / burial,1,workers entered 2.5m deep un-shored unstable excavation
REP-SAFE-7c70f521,pair_0279,safety_observation,"During excavation work on excavation / trench, hydraulic shoring boxes & trench shield was in place. trench box installed & soil benching verified.",excavation work,excavation collapse / cave-in,unknown,trench box installed & soil benching verified,potential kinetic / soil mass energy,excavation / trench,procedure compliance,excavation wall instability,hydraulic shoring boxes & trench shield,none,no consequence / controlled operation,0,Safe operation: hydraulic shoring boxes & trench shield
REP-SIF-de0ae61c,pair_0280,unsafe_act,"During hot work on vessel / container / process line, welding near hydrocarbon lines without required gas test or valid hot work permit.",hot work,fire / explosion / flammable atmosphere,hydrocarbons / flammable gas,worker exposed to flammable vapor ignition,chemical / toxic gas energy,vessel / container / process line,inappropriate positioning / procedure non-compliance,unknown,gas testing,required gas testing missing or not completed,fatal burns / blast trauma,1,welding near hydrocarbon lines without required gas test or valid hot work permit
REP-SAFE-4216e452,pair_0280,near_miss,"During hot work on vessel / container / process line, continuous LEL monitoring & hot work permit was in place. continuous LEL reading 0.0% verified before torch ignition.",hot work,fire / explosion / flammable atmosphere,hydrocarbons / flammable gas,continuous LEL reading 0.0% verified before torch ignition,chemical / toxic gas energy,vessel / container / process line,procedure compliance,unknown,continuous LEL monitoring & hot work permit,none,no consequence / controlled operation,0,Safe operation: continuous LEL monitoring & hot work permit
REP-SIF-01d3c99e,pair_0281,near_miss,"During machinery operation / grinding on grinding machinery, grinding machine operated with guard removed.",machinery operation / grinding,rotating machinery / caught-in,unknown,worker exposed to unguarded rotating machinery,electrical energy,grinding machinery,inappropriate positioning / procedure non-compliance,unknown,machine guarding,"machine guard removed, missing, or bypassed",severe / fatal caught-in or struck-by injury,1,grinding machine operated with guard removed
REP-SAFE-d24b70a6,pair_0281,safety_observation,"During machinery operation / grinding on grinding machinery, factory guard installed & inspect before use was in place. interlocked guard fully functional during grinding operation.",machinery operation / grinding,rotating machinery / caught-in,unknown,interlocked guard fully functional during grinding operation,electrical energy,grinding machinery,procedure compliance,unknown,factory guard installed & inspect before use,none,no consequence / controlled operation,0,Safe operation: factory guard installed & inspect before use
REP-SIF-ded5d126,pair_0282,unsafe_act,"During work at height on scaffold / elevated platform / ladder, work at 8m height on elevated platform without harness 100% tie-off.",work at height,fall from height,unknown,worker exposed to unprotected fall hazard,potential kinetic / gravitational energy,scaffold / elevated platform / ladder,inappropriate positioning / procedure non-compliance,elevated work location,fall protection system,fall protection missing or not used,fatal fall from elevation,1,work at 8m height on elevated platform without harness 100% tie-off
REP-SAFE-b70cb2d5,pair_0282,safety_observation,"During work at height on scaffold / elevated platform / ladder, 100% harness tie-off & lifeline system was in place. worker fully secured with dual-leg shock-absorbing lanyards.",work at height,fall from height,unknown,worker fully secured with dual-leg shock-absorbing lanyards,potential kinetic / gravitational energy,scaffold / elevated platform / ladder,procedure compliance,elevated work location,100% harness tie-off & lifeline system,none,no consequence / controlled operation,0,Safe operation: 100% harness tie-off & lifeline system
REP-SIF-95d11aa0,pair_0283,unsafe_act,"During machinery operation / grinding on grinding machinery, grinding machine operated with guard removed.",machinery operation / grinding,rotating machinery / caught-in,unknown,worker exposed to unguarded rotating machinery,electrical energy,grinding machinery,inappropriate positioning / procedure non-compliance,unknown,machine guarding,"machine guard removed, missing, or bypassed",severe / fatal caught-in or struck-by injury,1,grinding machine operated with guard removed
REP-SAFE-eb190816,pair_0283,safety_observation,"During machinery operation / grinding on grinding machinery, factory guard installed & inspect before use was in place. interlocked guard fully functional during grinding operation.",machinery operation / grinding,rotating machinery / caught-in,unknown,interlocked guard fully functional during grinding operation,electrical energy,grinding machinery,procedure compliance,unknown,factory guard installed & inspect before use,none,no consequence / controlled operation,0,Safe operation: factory guard installed & inspect before use
REP-SIF-272b05d1,pair_0284,incident,"During confined space entry on vessel / container / process line, untested confined space entry with acute H2S toxicity risk.",confined space entry,toxic gas / hazardous atmosphere,hydrogen sulfide (h2s),worker exposed to toxic gas / oxygen deficiency,chemical / toxic gas energy,vessel / container / process line,inappropriate positioning / procedure non-compliance,confined space atmosphere,atmospheric testing,atmospheric testing missing or not performed,fatal asphyxiation / acute toxicity poisoning,1,untested confined space entry with acute H2S toxicity risk
REP-SAFE-cbff1285,pair_0284,near_miss,"During confined space entry on vessel / container / process line, atmospheric testing completed & verified was in place. safe atmospheric conditions verified prior to entry.",confined space entry,toxic gas / hazardous atmosphere,hydrogen sulfide (h2s),safe atmospheric conditions verified prior to entry,chemical / toxic gas energy,vessel / container / process line,procedure compliance,confined space atmosphere,atmospheric testing completed & verified,none,no consequence / controlled operation,0,Safe operation: atmospheric testing completed & verified
REP-SIF-2d5f976c,pair_0285,near_miss,"During machinery operation / grinding on grinding machinery, grinding machine operated with guard removed.",machinery operation / grinding,rotating machinery / caught-in,unknown,worker exposed to unguarded rotating machinery,electrical energy,grinding machinery,inappropriate positioning / procedure non-compliance,unknown,machine guarding,"machine guard removed, missing, or bypassed",severe / fatal caught-in or struck-by injury,1,grinding machine operated with guard removed
REP-SAFE-95db6895,pair_0285,near_miss,"During machinery operation / grinding on grinding machinery, factory guard installed & inspect before use was in place. interlocked guard fully functional during grinding operation.",machinery operation / grinding,rotating machinery / caught-in,unknown,interlocked guard fully functional during grinding operation,electrical energy,grinding machinery,procedure compliance,unknown,factory guard installed & inspect before use,none,no consequence / controlled operation,0,Safe operation: factory guard installed & inspect before use
REP-SIF-feb8bfa9,pair_0286,near_miss,"During excavation work on excavation / trench, workers entered 2.5m deep un-shored unstable excavation.",excavation work,excavation collapse / cave-in,unknown,worker exposed to excavation collapse,potential kinetic / soil mass energy,excavation / trench,inappropriate positioning / procedure non-compliance,excavation wall instability,excavation protection,shoring / excavation protective system missing,fatal crush / burial,1,workers entered 2.5m deep un-shored unstable excavation
REP-SAFE-31fd5ef2,pair_0286,near_miss,"During excavation work on excavation / trench, hydraulic shoring boxes & trench shield was in place. trench box installed & soil benching verified.",excavation work,excavation collapse / cave-in,unknown,trench box installed & soil benching verified,potential kinetic / soil mass energy,excavation / trench,procedure compliance,excavation wall instability,hydraulic shoring boxes & trench shield,none,no consequence / controlled operation,0,Safe operation: hydraulic shoring boxes & trench shield
REP-SIF-f74e798a,pair_0287,incident,"During lifting operation on crane / lifting equipment, workers standing under suspended crane load without barricaded drop zone.",lifting operation,suspended load / struck-by,unknown,worker in line of fire under suspended load,potential kinetic / gravitational energy,crane / lifting equipment,inappropriate positioning / procedure non-compliance,unknown,exclusion zone / barricading,exclusion zone or barricading missing/breached,fatal crush / severe blunt force trauma,1,workers standing under suspended crane load without barricaded drop zone
REP-SAFE-8f133845,pair_0287,near_miss,"During lifting operation on crane / lifting equipment, barricaded exclusion zone & tag lines used was in place. workers stationed outside drop radius using tag lines.",lifting operation,suspended load / struck-by,unknown,workers stationed outside drop radius using tag lines,potential kinetic / gravitational energy,crane / lifting equipment,procedure compliance,unknown,barricaded exclusion zone & tag lines used,none,no consequence / controlled operation,0,Safe operation: barricaded exclusion zone & tag lines used
REP-SIF-c86abdfe,pair_0288,unsafe_act,"During lifting operation on crane / lifting equipment, workers standing under suspended crane load without barricaded drop zone.",lifting operation,suspended load / struck-by,unknown,worker in line of fire under suspended load,potential kinetic / gravitational energy,crane / lifting equipment,inappropriate positioning / procedure non-compliance,unknown,exclusion zone / barricading,exclusion zone or barricading missing/breached,fatal crush / severe blunt force trauma,1,workers standing under suspended crane load without barricaded drop zone
REP-SAFE-60529d1e,pair_0288,safety_observation,"During lifting operation on crane / lifting equipment, barricaded exclusion zone & tag lines used was in place. workers stationed outside drop radius using tag lines.",lifting operation,suspended load / struck-by,unknown,workers stationed outside drop radius using tag lines,potential kinetic / gravitational energy,crane / lifting equipment,procedure compliance,unknown,barricaded exclusion zone & tag lines used,none,no consequence / controlled operation,0,Safe operation: barricaded exclusion zone & tag lines used
REP-SIF-f3e0bd0d,pair_0289,incident,"During confined space entry on vessel / container / process line, untested confined space entry with acute H2S toxicity risk.",confined space entry,toxic gas / hazardous atmosphere,hydrogen sulfide (h2s),worker exposed to toxic gas / oxygen deficiency,chemical / toxic gas energy,vessel / container / process line,inappropriate positioning / procedure non-compliance,confined space atmosphere,atmospheric testing,atmospheric testing missing or not performed,fatal asphyxiation / acute toxicity poisoning,1,untested confined space entry with acute H2S toxicity risk
REP-SAFE-71b80853,pair_0289,near_miss,"During confined space entry on vessel / container / process line, atmospheric testing completed & verified was in place. safe atmospheric conditions verified prior to entry.",confined space entry,toxic gas / hazardous atmosphere,hydrogen sulfide (h2s),safe atmospheric conditions verified prior to entry,chemical / toxic gas energy,vessel / container / process line,procedure compliance,confined space atmosphere,atmospheric testing completed & verified,none,no consequence / controlled operation,0,Safe operation: atmospheric testing completed & verified
REP-SIF-527eb1ab,pair_0290,incident,"During excavation work on excavation / trench, workers entered 2.5m deep un-shored unstable excavation.",excavation work,excavation collapse / cave-in,unknown,worker exposed to excavation collapse,potential kinetic / soil mass energy,excavation / trench,inappropriate positioning / procedure non-compliance,excavation wall instability,excavation protection,shoring / excavation protective system missing,fatal crush / burial,1,workers entered 2.5m deep un-shored unstable excavation
REP-SAFE-b3f3bc76,pair_0290,near_miss,"During excavation work on excavation / trench, hydraulic shoring boxes & trench shield was in place. trench box installed & soil benching verified.",excavation work,excavation collapse / cave-in,unknown,trench box installed & soil benching verified,potential kinetic / soil mass energy,excavation / trench,procedure compliance,excavation wall instability,hydraulic shoring boxes & trench shield,none,no consequence / controlled operation,0,Safe operation: hydraulic shoring boxes & trench shield
REP-SIF-0a94fb44,pair_0291,near_miss,"During vehicle / pedestrian interaction on heavy transport truck, pedestrians allowed to enter un-barricaded vehicle operating zone.",vehicle / pedestrian interaction,vehicle-pedestrian interaction / struck-by,unknown,pedestrian exposed to moving vehicle,vehicle kinetic energy,heavy transport truck,inappropriate positioning / procedure non-compliance,unknown,exclusion zone / barricading,exclusion zone or barricading missing/breached,fatal struck-by / crush injury,1,pedestrians allowed to enter un-barricaded vehicle operating zone
REP-SAFE-f1c272a4,pair_0291,near_miss,"During vehicle / pedestrian interaction on heavy transport truck, physical pedestrian walkways & spotter was in place. designated pedestrian walkways separated by steel crash barriers.",vehicle / pedestrian interaction,vehicle-pedestrian interaction / struck-by,unknown,designated pedestrian walkways separated by steel crash barriers,vehicle kinetic energy,heavy transport truck,procedure compliance,unknown,physical pedestrian walkways & spotter,none,no consequence / controlled operation,0,Safe operation: physical pedestrian walkways & spotter
REP-SIF-d469400b,pair_0292,incident,"During pressurized system maintenance on centrifugal pump, flange opened on pressurized line without zero-pressure verification.",pressurized system maintenance,pressure release,hydrocarbons / flammable gas,worker exposed to hazardous pressure release,pressurized fluid / gas energy,centrifugal pump,inappropriate positioning / procedure non-compliance,unknown,pressure isolation / depressurization,pressure isolation or zero-energy verification not confirmed,severe / fatal pressure release & impact injury,1,flange opened on pressurized line without zero-pressure verification
REP-SAFE-cebe0beb,pair_0292,near_miss,"During pressurized system maintenance on centrifugal pump, pressure isolation & depressurization verified was in place. zero residual pressure confirmed before opening line.",pressurized system maintenance,pressure release,hydrocarbons / flammable gas,zero residual pressure confirmed before opening line,pressurized fluid / gas energy,centrifugal pump,procedure compliance,unknown,pressure isolation & depressurization verified,none,no consequence / controlled operation,0,Safe operation: pressure isolation & depressurization verified
REP-SIF-40e2bcfc,pair_0293,near_miss,"During lifting operation on crane / lifting equipment, workers standing under suspended crane load without barricaded drop zone.",lifting operation,suspended load / struck-by,unknown,worker in line of fire under suspended load,potential kinetic / gravitational energy,crane / lifting equipment,inappropriate positioning / procedure non-compliance,unknown,exclusion zone / barricading,exclusion zone or barricading missing/breached,fatal crush / severe blunt force trauma,1,workers standing under suspended crane load without barricaded drop zone
REP-SAFE-f330a6d3,pair_0293,near_miss,"During lifting operation on crane / lifting equipment, barricaded exclusion zone & tag lines used was in place. workers stationed outside drop radius using tag lines.",lifting operation,suspended load / struck-by,unknown,workers stationed outside drop radius using tag lines,potential kinetic / gravitational energy,crane / lifting equipment,procedure compliance,unknown,barricaded exclusion zone & tag lines used,none,no consequence / controlled operation,0,Safe operation: barricaded exclusion zone & tag lines used
REP-SIF-32ba6b26,pair_0294,near_miss,"During vehicle / pedestrian interaction on heavy transport truck, pedestrians allowed to enter un-barricaded vehicle operating zone.",vehicle / pedestrian interaction,vehicle-pedestrian interaction / struck-by,unknown,pedestrian exposed to moving vehicle,vehicle kinetic energy,heavy transport truck,inappropriate positioning / procedure non-compliance,unknown,exclusion zone / barricading,exclusion zone or barricading missing/breached,fatal struck-by / crush injury,1,pedestrians allowed to enter un-barricaded vehicle operating zone
REP-SAFE-3f8c3d90,pair_0294,near_miss,"During vehicle / pedestrian interaction on heavy transport truck, physical pedestrian walkways & spotter was in place. designated pedestrian walkways separated by steel crash barriers.",vehicle / pedestrian interaction,vehicle-pedestrian interaction / struck-by,unknown,designated pedestrian walkways separated by steel crash barriers,vehicle kinetic energy,heavy transport truck,procedure compliance,unknown,physical pedestrian walkways & spotter,none,no consequence / controlled operation,0,Safe operation: physical pedestrian walkways & spotter
REP-SIF-93734cf4,pair_0295,near_miss,"During hot work on vessel / container / process line, welding near hydrocarbon lines without required gas test or valid hot work permit.",hot work,fire / explosion / flammable atmosphere,hydrocarbons / flammable gas,worker exposed to flammable vapor ignition,chemical / toxic gas energy,vessel / container / process line,inappropriate positioning / procedure non-compliance,unknown,gas testing,required gas testing missing or not completed,fatal burns / blast trauma,1,welding near hydrocarbon lines without required gas test or valid hot work permit
REP-SAFE-455f9dc5,pair_0295,safety_observation,"During hot work on vessel / container / process line, continuous LEL monitoring & hot work permit was in place. continuous LEL reading 0.0% verified before torch ignition.",hot work,fire / explosion / flammable atmosphere,hydrocarbons / flammable gas,continuous LEL reading 0.0% verified before torch ignition,chemical / toxic gas energy,vessel / container / process line,procedure compliance,unknown,continuous LEL monitoring & hot work permit,none,no consequence / controlled operation,0,Safe operation: continuous LEL monitoring & hot work permit
REP-SIF-61161524,pair_0296,incident,"During vehicle / pedestrian interaction on heavy transport truck, pedestrians allowed to enter un-barricaded vehicle operating zone.",vehicle / pedestrian interaction,vehicle-pedestrian interaction / struck-by,unknown,pedestrian exposed to moving vehicle,vehicle kinetic energy,heavy transport truck,inappropriate positioning / procedure non-compliance,unknown,exclusion zone / barricading,exclusion zone or barricading missing/breached,fatal struck-by / crush injury,1,pedestrians allowed to enter un-barricaded vehicle operating zone
REP-SAFE-78957f84,pair_0296,near_miss,"During vehicle / pedestrian interaction on heavy transport truck, physical pedestrian walkways & spotter was in place. designated pedestrian walkways separated by steel crash barriers.",vehicle / pedestrian interaction,vehicle-pedestrian interaction / struck-by,unknown,designated pedestrian walkways separated by steel crash barriers,vehicle kinetic energy,heavy transport truck,procedure compliance,unknown,physical pedestrian walkways & spotter,none,no consequence / controlled operation,0,Safe operation: physical pedestrian walkways & spotter
REP-SIF-040c9ede,pair_0297,near_miss,"During excavation work on excavation / trench, workers entered 2.5m deep un-shored unstable excavation.",excavation work,excavation collapse / cave-in,unknown,worker exposed to excavation collapse,potential kinetic / soil mass energy,excavation / trench,inappropriate positioning / procedure non-compliance,excavation wall instability,excavation protection,shoring / excavation protective system missing,fatal crush / burial,1,workers entered 2.5m deep un-shored unstable excavation
REP-SAFE-dc54836f,pair_0297,safety_observation,"During excavation work on excavation / trench, hydraulic shoring boxes & trench shield was in place. trench box installed & soil benching verified.",excavation work,excavation collapse / cave-in,unknown,trench box installed & soil benching verified,potential kinetic / soil mass energy,excavation / trench,procedure compliance,excavation wall instability,hydraulic shoring boxes & trench shield,none,no consequence / controlled operation,0,Safe operation: hydraulic shoring boxes & trench shield
REP-SIF-84587c3d,pair_0298,unsafe_act,"During machinery operation / grinding on grinding machinery, grinding machine operated with guard removed.",machinery operation / grinding,rotating machinery / caught-in,unknown,worker exposed to unguarded rotating machinery,electrical energy,grinding machinery,inappropriate positioning / procedure non-compliance,unknown,machine guarding,"machine guard removed, missing, or bypassed",severe / fatal caught-in or struck-by injury,1,grinding machine operated with guard removed
REP-SAFE-9704f41c,pair_0298,safety_observation,"During machinery operation / grinding on grinding machinery, factory guard installed & inspect before use was in place. interlocked guard fully functional during grinding operation.",machinery operation / grinding,rotating machinery / caught-in,unknown,interlocked guard fully functional during grinding operation,electrical energy,grinding machinery,procedure compliance,unknown,factory guard installed & inspect before use,none,no consequence / controlled operation,0,Safe operation: factory guard installed & inspect before use
REP-SIF-4cff5909,pair_0299,incident,"During machinery operation / grinding on grinding machinery, grinding machine operated with guard removed.",machinery operation / grinding,rotating machinery / caught-in,unknown,worker exposed to unguarded rotating machinery,electrical energy,grinding machinery,inappropriate positioning / procedure non-compliance,unknown,machine guarding,"machine guard removed, missing, or bypassed",severe / fatal caught-in or struck-by injury,1,grinding machine operated with guard removed
REP-SAFE-25bef9ad,pair_0299,near_miss,"During machinery operation / grinding on grinding machinery, factory guard installed & inspect before use was in place. interlocked guard fully functional during grinding operation.",machinery operation / grinding,rotating machinery / caught-in,unknown,interlocked guard fully functional during grinding operation,electrical energy,grinding machinery,procedure compliance,unknown,factory guard installed & inspect before use,none,no consequence / controlled operation,0,Safe operation: factory guard installed & inspect before use
REP-SIF-0576d55f,pair_0300,near_miss,"During pressurized system maintenance on centrifugal pump, flange opened on pressurized line without zero-pressure verification.",pressurized system maintenance,pressure release,hydrocarbons / flammable gas,worker exposed to hazardous pressure release,pressurized fluid / gas energy,centrifugal pump,inappropriate positioning / procedure non-compliance,unknown,pressure isolation / depressurization,pressure isolation or zero-energy verification not confirmed,severe / fatal pressure release & impact injury,1,flange opened on pressurized line without zero-pressure verification
REP-SAFE-0083019a,pair_0300,safety_observation,"During pressurized system maintenance on centrifugal pump, pressure isolation & depressurization verified was in place. zero residual pressure confirmed before opening line.",pressurized system maintenance,pressure release,hydrocarbons / flammable gas,zero residual pressure confirmed before opening line,pressurized fluid / gas energy,centrifugal pump,procedure compliance,unknown,pressure isolation & depressurization verified,none,no consequence / controlled operation,0,Safe operation: pressure isolation & depressurization verified
REP-SIF-4db1c587,pair_0301,incident,"During confined space entry on vessel / container / process line, untested confined space entry with acute H2S toxicity risk.",confined space entry,toxic gas / hazardous atmosphere,hydrogen sulfide (h2s),worker exposed to toxic gas / oxygen deficiency,chemical / toxic gas energy,vessel / container / process line,inappropriate positioning / procedure non-compliance,confined space atmosphere,atmospheric testing,atmospheric testing missing or not performed,fatal asphyxiation / acute toxicity poisoning,1,untested confined space entry with acute H2S toxicity risk
REP-SAFE-90c85faa,pair_0301,safety_observation,"During confined space entry on vessel / container / process line, atmospheric testing completed & verified was in place. safe atmospheric conditions verified prior to entry.",confined space entry,toxic gas / hazardous atmosphere,hydrogen sulfide (h2s),safe atmospheric conditions verified prior to entry,chemical / toxic gas energy,vessel / container / process line,procedure compliance,confined space atmosphere,atmospheric testing completed & verified,none,no consequence / controlled operation,0,Safe operation: atmospheric testing completed & verified
REP-SIF-412ef613,pair_0302,incident,"During vehicle / pedestrian interaction on heavy transport truck, pedestrians allowed to enter un-barricaded vehicle operating zone.",vehicle / pedestrian interaction,vehicle-pedestrian interaction / struck-by,unknown,pedestrian exposed to moving vehicle,vehicle kinetic energy,heavy transport truck,inappropriate positioning / procedure non-compliance,unknown,exclusion zone / barricading,exclusion zone or barricading missing/breached,fatal struck-by / crush injury,1,pedestrians allowed to enter un-barricaded vehicle operating zone
REP-SAFE-378cee0d,pair_0302,safety_observation,"During vehicle / pedestrian interaction on heavy transport truck, physical pedestrian walkways & spotter was in place. designated pedestrian walkways separated by steel crash barriers.",vehicle / pedestrian interaction,vehicle-pedestrian interaction / struck-by,unknown,designated pedestrian walkways separated by steel crash barriers,vehicle kinetic energy,heavy transport truck,procedure compliance,unknown,physical pedestrian walkways & spotter,none,no consequence / controlled operation,0,Safe operation: physical pedestrian walkways & spotter
REP-SIF-7985492e,pair_0303,near_miss,"During work at height on scaffold / elevated platform / ladder, work at 8m height on elevated platform without harness 100% tie-off.",work at height,fall from height,unknown,worker exposed to unprotected fall hazard,potential kinetic / gravitational energy,scaffold / elevated platform / ladder,inappropriate positioning / procedure non-compliance,elevated work location,fall protection system,fall protection missing or not used,fatal fall from elevation,1,work at 8m height on elevated platform without harness 100% tie-off
REP-SAFE-05d9603f,pair_0303,near_miss,"During work at height on scaffold / elevated platform / ladder, 100% harness tie-off & lifeline system was in place. worker fully secured with dual-leg shock-absorbing lanyards.",work at height,fall from height,unknown,worker fully secured with dual-leg shock-absorbing lanyards,potential kinetic / gravitational energy,scaffold / elevated platform / ladder,procedure compliance,elevated work location,100% harness tie-off & lifeline system,none,no consequence / controlled operation,0,Safe operation: 100% harness tie-off & lifeline system
REP-SIF-e9d4affc,pair_0304,unsafe_act,"During pressurized system maintenance on centrifugal pump, flange opened on pressurized line without zero-pressure verification.",pressurized system maintenance,pressure release,hydrocarbons / flammable gas,worker exposed to hazardous pressure release,pressurized fluid / gas energy,centrifugal pump,inappropriate positioning / procedure non-compliance,unknown,pressure isolation / depressurization,pressure isolation or zero-energy verification not confirmed,severe / fatal pressure release & impact injury,1,flange opened on pressurized line without zero-pressure verification
REP-SAFE-9087d86c,pair_0304,safety_observation,"During pressurized system maintenance on centrifugal pump, pressure isolation & depressurization verified was in place. zero residual pressure confirmed before opening line.",pressurized system maintenance,pressure release,hydrocarbons / flammable gas,zero residual pressure confirmed before opening line,pressurized fluid / gas energy,centrifugal pump,procedure compliance,unknown,pressure isolation & depressurization verified,none,no consequence / controlled operation,0,Safe operation: pressure isolation & depressurization verified
REP-SIF-bd11dec4,pair_0305,unsafe_act,"During excavation work on excavation / trench, workers entered 2.5m deep un-shored unstable excavation.",excavation work,excavation collapse / cave-in,unknown,worker exposed to excavation collapse,potential kinetic / soil mass energy,excavation / trench,inappropriate positioning / procedure non-compliance,excavation wall instability,excavation protection,shoring / excavation protective system missing,fatal crush / burial,1,workers entered 2.5m deep un-shored unstable excavation
REP-SAFE-bdf6a562,pair_0305,near_miss,"During excavation work on excavation / trench, hydraulic shoring boxes & trench shield was in place. trench box installed & soil benching verified.",excavation work,excavation collapse / cave-in,unknown,trench box installed & soil benching verified,potential kinetic / soil mass energy,excavation / trench,procedure compliance,excavation wall instability,hydraulic shoring boxes & trench shield,none,no consequence / controlled operation,0,Safe operation: hydraulic shoring boxes & trench shield
REP-SIF-6280d527,pair_0306,unsafe_act,"During vehicle / pedestrian interaction on heavy transport truck, pedestrians allowed to enter un-barricaded vehicle operating zone.",vehicle / pedestrian interaction,vehicle-pedestrian interaction / struck-by,unknown,pedestrian exposed to moving vehicle,vehicle kinetic energy,heavy transport truck,inappropriate positioning / procedure non-compliance,unknown,exclusion zone / barricading,exclusion zone or barricading missing/breached,fatal struck-by / crush injury,1,pedestrians allowed to enter un-barricaded vehicle operating zone
REP-SAFE-28100756,pair_0306,near_miss,"During vehicle / pedestrian interaction on heavy transport truck, physical pedestrian walkways & spotter was in place. designated pedestrian walkways separated by steel crash barriers.",vehicle / pedestrian interaction,vehicle-pedestrian interaction / struck-by,unknown,designated pedestrian walkways separated by steel crash barriers,vehicle kinetic energy,heavy transport truck,procedure compliance,unknown,physical pedestrian walkways & spotter,none,no consequence / controlled operation,0,Safe operation: physical pedestrian walkways & spotter
REP-SIF-9644fcef,pair_0307,incident,"During hot work on vessel / container / process line, welding near hydrocarbon lines without required gas test or valid hot work permit.",hot work,fire / explosion / flammable atmosphere,hydrocarbons / flammable gas,worker exposed to flammable vapor ignition,chemical / toxic gas energy,vessel / container / process line,inappropriate positioning / procedure non-compliance,unknown,gas testing,required gas testing missing or not completed,fatal burns / blast trauma,1,welding near hydrocarbon lines without required gas test or valid hot work permit
REP-SAFE-ce1da315,pair_0307,near_miss,"During hot work on vessel / container / process line, continuous LEL monitoring & hot work permit was in place. continuous LEL reading 0.0% verified before torch ignition.",hot work,fire / explosion / flammable atmosphere,hydrocarbons / flammable gas,continuous LEL reading 0.0% verified before torch ignition,chemical / toxic gas energy,vessel / container / process line,procedure compliance,unknown,continuous LEL monitoring & hot work permit,none,no consequence / controlled operation,0,Safe operation: continuous LEL monitoring & hot work permit
REP-SIF-213f9d47,pair_0308,incident,"During work at height on scaffold / elevated platform / ladder, work at 8m height on elevated platform without harness 100% tie-off.",work at height,fall from height,unknown,worker exposed to unprotected fall hazard,potential kinetic / gravitational energy,scaffold / elevated platform / ladder,inappropriate positioning / procedure non-compliance,elevated work location,fall protection system,fall protection missing or not used,fatal fall from elevation,1,work at 8m height on elevated platform without harness 100% tie-off
REP-SAFE-fbb76a55,pair_0308,safety_observation,"During work at height on scaffold / elevated platform / ladder, 100% harness tie-off & lifeline system was in place. worker fully secured with dual-leg shock-absorbing lanyards.",work at height,fall from height,unknown,worker fully secured with dual-leg shock-absorbing lanyards,potential kinetic / gravitational energy,scaffold / elevated platform / ladder,procedure compliance,elevated work location,100% harness tie-off & lifeline system,none,no consequence / controlled operation,0,Safe operation: 100% harness tie-off & lifeline system
REP-SIF-c401d58a,pair_0309,near_miss,"During hot work on vessel / container / process line, welding near hydrocarbon lines without required gas test or valid hot work permit.",hot work,fire / explosion / flammable atmosphere,hydrocarbons / flammable gas,worker exposed to flammable vapor ignition,chemical / toxic gas energy,vessel / container / process line,inappropriate positioning / procedure non-compliance,unknown,gas testing,required gas testing missing or not completed,fatal burns / blast trauma,1,welding near hydrocarbon lines without required gas test or valid hot work permit
REP-SAFE-334ed643,pair_0309,safety_observation,"During hot work on vessel / container / process line, continuous LEL monitoring & hot work permit was in place. continuous LEL reading 0.0% verified before torch ignition.",hot work,fire / explosion / flammable atmosphere,hydrocarbons / flammable gas,continuous LEL reading 0.0% verified before torch ignition,chemical / toxic gas energy,vessel / container / process line,procedure compliance,unknown,continuous LEL monitoring & hot work permit,none,no consequence / controlled operation,0,Safe operation: continuous LEL monitoring & hot work permit
REP-SIF-0a21233d,pair_0310,incident,"During pressurized system maintenance on centrifugal pump, flange opened on pressurized line without zero-pressure verification.",pressurized system maintenance,pressure release,hydrocarbons / flammable gas,worker exposed to hazardous pressure release,pressurized fluid / gas energy,centrifugal pump,inappropriate positioning / procedure non-compliance,unknown,pressure isolation / depressurization,pressure isolation or zero-energy verification not confirmed,severe / fatal pressure release & impact injury,1,flange opened on pressurized line without zero-pressure verification
REP-SAFE-8375325f,pair_0310,near_miss,"During pressurized system maintenance on centrifugal pump, pressure isolation & depressurization verified was in place. zero residual pressure confirmed before opening line.",pressurized system maintenance,pressure release,hydrocarbons / flammable gas,zero residual pressure confirmed before opening line,pressurized fluid / gas energy,centrifugal pump,procedure compliance,unknown,pressure isolation & depressurization verified,none,no consequence / controlled operation,0,Safe operation: pressure isolation & depressurization verified
REP-SIF-1a6f0522,pair_0311,unsafe_act,"During lifting operation on crane / lifting equipment, workers standing under suspended crane load without barricaded drop zone.",lifting operation,suspended load / struck-by,unknown,worker in line of fire under suspended load,potential kinetic / gravitational energy,crane / lifting equipment,inappropriate positioning / procedure non-compliance,unknown,exclusion zone / barricading,exclusion zone or barricading missing/breached,fatal crush / severe blunt force trauma,1,workers standing under suspended crane load without barricaded drop zone
REP-SAFE-6256e3e9,pair_0311,near_miss,"During lifting operation on crane / lifting equipment, barricaded exclusion zone & tag lines used was in place. workers stationed outside drop radius using tag lines.",lifting operation,suspended load / struck-by,unknown,workers stationed outside drop radius using tag lines,potential kinetic / gravitational energy,crane / lifting equipment,procedure compliance,unknown,barricaded exclusion zone & tag lines used,none,no consequence / controlled operation,0,Safe operation: barricaded exclusion zone & tag lines used
REP-SIF-97d37c30,pair_0312,incident,"During pressurized system maintenance on centrifugal pump, centrifugal pump maintenance started without LOTO or electrical isolation.",pressurized system maintenance,pressure release / energy isolation,unknown,worker exposed to energized machinery / unverified LOTO,electrical energy,centrifugal pump,inappropriate positioning / procedure non-compliance,unknown,energy isolation (LOTO),"energy isolation bypassed, missing, or not verified",severe / fatal electrical shock or caught-in injury,1,centrifugal pump maintenance started without LOTO or electrical isolation
REP-SAFE-5b55d757,pair_0312,near_miss,"During pressurized system maintenance on centrifugal pump, energy isolation (LOTO) & breaker locked out was in place. equipment isolated and LOTO verified before maintenance.",pressurized system maintenance,pressure release / energy isolation,unknown,equipment isolated and LOTO verified before maintenance,electrical energy,centrifugal pump,procedure compliance,unknown,energy isolation (LOTO) & breaker locked out,none,no consequence / controlled operation,0,Safe operation: energy isolation (LOTO) & breaker locked out
REP-SIF-4fa4188d,pair_0313,near_miss,"During excavation work on excavation / trench, workers entered 2.5m deep un-shored unstable excavation.",excavation work,excavation collapse / cave-in,unknown,worker exposed to excavation collapse,potential kinetic / soil mass energy,excavation / trench,inappropriate positioning / procedure non-compliance,excavation wall instability,excavation protection,shoring / excavation protective system missing,fatal crush / burial,1,workers entered 2.5m deep un-shored unstable excavation
REP-SAFE-eacda67d,pair_0313,near_miss,"During excavation work on excavation / trench, hydraulic shoring boxes & trench shield was in place. trench box installed & soil benching verified.",excavation work,excavation collapse / cave-in,unknown,trench box installed & soil benching verified,potential kinetic / soil mass energy,excavation / trench,procedure compliance,excavation wall instability,hydraulic shoring boxes & trench shield,none,no consequence / controlled operation,0,Safe operation: hydraulic shoring boxes & trench shield
REP-SIF-851a69e7,pair_0314,incident,"During vehicle / pedestrian interaction on heavy transport truck, pedestrians allowed to enter un-barricaded vehicle operating zone.",vehicle / pedestrian interaction,vehicle-pedestrian interaction / struck-by,unknown,pedestrian exposed to moving vehicle,vehicle kinetic energy,heavy transport truck,inappropriate positioning / procedure non-compliance,unknown,exclusion zone / barricading,exclusion zone or barricading missing/breached,fatal struck-by / crush injury,1,pedestrians allowed to enter un-barricaded vehicle operating zone
REP-SAFE-76b1d9df,pair_0314,near_miss,"During vehicle / pedestrian interaction on heavy transport truck, physical pedestrian walkways & spotter was in place. designated pedestrian walkways separated by steel crash barriers.",vehicle / pedestrian interaction,vehicle-pedestrian interaction / struck-by,unknown,designated pedestrian walkways separated by steel crash barriers,vehicle kinetic energy,heavy transport truck,procedure compliance,unknown,physical pedestrian walkways & spotter,none,no consequence / controlled operation,0,Safe operation: physical pedestrian walkways & spotter
REP-SIF-54c0667b,pair_0315,unsafe_act,"During lifting operation on crane / lifting equipment, workers standing under suspended crane load without barricaded drop zone.",lifting operation,suspended load / struck-by,unknown,worker in line of fire under suspended load,potential kinetic / gravitational energy,crane / lifting equipment,inappropriate positioning / procedure non-compliance,unknown,exclusion zone / barricading,exclusion zone or barricading missing/breached,fatal crush / severe blunt force trauma,1,workers standing under suspended crane load without barricaded drop zone
REP-SAFE-bfea6a7d,pair_0315,near_miss,"During lifting operation on crane / lifting equipment, barricaded exclusion zone & tag lines used was in place. workers stationed outside drop radius using tag lines.",lifting operation,suspended load / struck-by,unknown,workers stationed outside drop radius using tag lines,potential kinetic / gravitational energy,crane / lifting equipment,procedure compliance,unknown,barricaded exclusion zone & tag lines used,none,no consequence / controlled operation,0,Safe operation: barricaded exclusion zone & tag lines used
REP-SIF-d6046414,pair_0316,incident,"During excavation work on excavation / trench, workers entered 2.5m deep un-shored unstable excavation.",excavation work,excavation collapse / cave-in,unknown,worker exposed to excavation collapse,potential kinetic / soil mass energy,excavation / trench,inappropriate positioning / procedure non-compliance,excavation wall instability,excavation protection,shoring / excavation protective system missing,fatal crush / burial,1,workers entered 2.5m deep un-shored unstable excavation
REP-SAFE-7e84ea1c,pair_0316,safety_observation,"During excavation work on excavation / trench, hydraulic shoring boxes & trench shield was in place. trench box installed & soil benching verified.",excavation work,excavation collapse / cave-in,unknown,trench box installed & soil benching verified,potential kinetic / soil mass energy,excavation / trench,procedure compliance,excavation wall instability,hydraulic shoring boxes & trench shield,none,no consequence / controlled operation,0,Safe operation: hydraulic shoring boxes & trench shield
REP-SIF-2b18ea40,pair_0317,unsafe_act,"During work at height on scaffold / elevated platform / ladder, work at 8m height on elevated platform without harness 100% tie-off.",work at height,fall from height,unknown,worker exposed to unprotected fall hazard,potential kinetic / gravitational energy,scaffold / elevated platform / ladder,inappropriate positioning / procedure non-compliance,elevated work location,fall protection system,fall protection missing or not used,fatal fall from elevation,1,work at 8m height on elevated platform without harness 100% tie-off
REP-SAFE-56c36bc3,pair_0317,near_miss,"During work at height on scaffold / elevated platform / ladder, 100% harness tie-off & lifeline system was in place. worker fully secured with dual-leg shock-absorbing lanyards.",work at height,fall from height,unknown,worker fully secured with dual-leg shock-absorbing lanyards,potential kinetic / gravitational energy,scaffold / elevated platform / ladder,procedure compliance,elevated work location,100% harness tie-off & lifeline system,none,no consequence / controlled operation,0,Safe operation: 100% harness tie-off & lifeline system
REP-SIF-d4640170,pair_0318,incident,"During work at height on scaffold / elevated platform / ladder, work at 8m height on elevated platform without harness 100% tie-off.",work at height,fall from height,unknown,worker exposed to unprotected fall hazard,potential kinetic / gravitational energy,scaffold / elevated platform / ladder,inappropriate positioning / procedure non-compliance,elevated work location,fall protection system,fall protection missing or not used,fatal fall from elevation,1,work at 8m height on elevated platform without harness 100% tie-off
REP-SAFE-4dfd6218,pair_0318,safety_observation,"During work at height on scaffold / elevated platform / ladder, 100% harness tie-off & lifeline system was in place. worker fully secured with dual-leg shock-absorbing lanyards.",work at height,fall from height,unknown,worker fully secured with dual-leg shock-absorbing lanyards,potential kinetic / gravitational energy,scaffold / elevated platform / ladder,procedure compliance,elevated work location,100% harness tie-off & lifeline system,none,no consequence / controlled operation,0,Safe operation: 100% harness tie-off & lifeline system
REP-SIF-88ed322a,pair_0319,unsafe_act,"During lifting operation on crane / lifting equipment, workers standing under suspended crane load without barricaded drop zone.",lifting operation,suspended load / struck-by,unknown,worker in line of fire under suspended load,potential kinetic / gravitational energy,crane / lifting equipment,inappropriate positioning / procedure non-compliance,unknown,exclusion zone / barricading,exclusion zone or barricading missing/breached,fatal crush / severe blunt force trauma,1,workers standing under suspended crane load without barricaded drop zone
REP-SAFE-470c3236,pair_0319,near_miss,"During lifting operation on crane / lifting equipment, barricaded exclusion zone & tag lines used was in place. workers stationed outside drop radius using tag lines.",lifting operation,suspended load / struck-by,unknown,workers stationed outside drop radius using tag lines,potential kinetic / gravitational energy,crane / lifting equipment,procedure compliance,unknown,barricaded exclusion zone & tag lines used,none,no consequence / controlled operation,0,Safe operation: barricaded exclusion zone & tag lines used
REP-SIF-ce6cf21c,pair_0320,incident,"During hot work on vessel / container / process line, welding near hydrocarbon lines without required gas test or valid hot work permit.",hot work,fire / explosion / flammable atmosphere,hydrocarbons / flammable gas,worker exposed to flammable vapor ignition,chemical / toxic gas energy,vessel / container / process line,inappropriate positioning / procedure non-compliance,unknown,gas testing,required gas testing missing or not completed,fatal burns / blast trauma,1,welding near hydrocarbon lines without required gas test or valid hot work permit
REP-SAFE-671faf4b,pair_0320,safety_observation,"During hot work on vessel / container / process line, continuous LEL monitoring & hot work permit was in place. continuous LEL reading 0.0% verified before torch ignition.",hot work,fire / explosion / flammable atmosphere,hydrocarbons / flammable gas,continuous LEL reading 0.0% verified before torch ignition,chemical / toxic gas energy,vessel / container / process line,procedure compliance,unknown,continuous LEL monitoring & hot work permit,none,no consequence / controlled operation,0,Safe operation: continuous LEL monitoring & hot work permit
REP-SIF-087f8ee9,pair_0321,near_miss,"During excavation work on excavation / trench, workers entered 2.5m deep un-shored unstable excavation.",excavation work,excavation collapse / cave-in,unknown,worker exposed to excavation collapse,potential kinetic / soil mass energy,excavation / trench,inappropriate positioning / procedure non-compliance,excavation wall instability,excavation protection,shoring / excavation protective system missing,fatal crush / burial,1,workers entered 2.5m deep un-shored unstable excavation
REP-SAFE-bd03940a,pair_0321,safety_observation,"During excavation work on excavation / trench, hydraulic shoring boxes & trench shield was in place. trench box installed & soil benching verified.",excavation work,excavation collapse / cave-in,unknown,trench box installed & soil benching verified,potential kinetic / soil mass energy,excavation / trench,procedure compliance,excavation wall instability,hydraulic shoring boxes & trench shield,none,no consequence / controlled operation,0,Safe operation: hydraulic shoring boxes & trench shield
REP-SIF-90a1747d,pair_0322,unsafe_act,"During vehicle / pedestrian interaction on heavy transport truck, pedestrians allowed to enter un-barricaded vehicle operating zone.",vehicle / pedestrian interaction,vehicle-pedestrian interaction / struck-by,unknown,pedestrian exposed to moving vehicle,vehicle kinetic energy,heavy transport truck,inappropriate positioning / procedure non-compliance,unknown,exclusion zone / barricading,exclusion zone or barricading missing/breached,fatal struck-by / crush injury,1,pedestrians allowed to enter un-barricaded vehicle operating zone
REP-SAFE-5e1b78f6,pair_0322,near_miss,"During vehicle / pedestrian interaction on heavy transport truck, physical pedestrian walkways & spotter was in place. designated pedestrian walkways separated by steel crash barriers.",vehicle / pedestrian interaction,vehicle-pedestrian interaction / struck-by,unknown,designated pedestrian walkways separated by steel crash barriers,vehicle kinetic energy,heavy transport truck,procedure compliance,unknown,physical pedestrian walkways & spotter,none,no consequence / controlled operation,0,Safe operation: physical pedestrian walkways & spotter
REP-SIF-d87cc7ff,pair_0323,incident,"During pressurized system maintenance on centrifugal pump, flange opened on pressurized line without zero-pressure verification.",pressurized system maintenance,pressure release,hydrocarbons / flammable gas,worker exposed to hazardous pressure release,pressurized fluid / gas energy,centrifugal pump,inappropriate positioning / procedure non-compliance,unknown,pressure isolation / depressurization,pressure isolation or zero-energy verification not confirmed,severe / fatal pressure release & impact injury,1,flange opened on pressurized line without zero-pressure verification
REP-SAFE-bb83ca5d,pair_0323,safety_observation,"During pressurized system maintenance on centrifugal pump, pressure isolation & depressurization verified was in place. zero residual pressure confirmed before opening line.",pressurized system maintenance,pressure release,hydrocarbons / flammable gas,zero residual pressure confirmed before opening line,pressurized fluid / gas energy,centrifugal pump,procedure compliance,unknown,pressure isolation & depressurization verified,none,no consequence / controlled operation,0,Safe operation: pressure isolation & depressurization verified
REP-SIF-dd75b7ca,pair_0324,incident,"During vehicle / pedestrian interaction on heavy transport truck, pedestrians allowed to enter un-barricaded vehicle operating zone.",vehicle / pedestrian interaction,vehicle-pedestrian interaction / struck-by,unknown,pedestrian exposed to moving vehicle,vehicle kinetic energy,heavy transport truck,inappropriate positioning / procedure non-compliance,unknown,exclusion zone / barricading,exclusion zone or barricading missing/breached,fatal struck-by / crush injury,1,pedestrians allowed to enter un-barricaded vehicle operating zone
REP-SAFE-578fcd1c,pair_0324,safety_observation,"During vehicle / pedestrian interaction on heavy transport truck, physical pedestrian walkways & spotter was in place. designated pedestrian walkways separated by steel crash barriers.",vehicle / pedestrian interaction,vehicle-pedestrian interaction / struck-by,unknown,designated pedestrian walkways separated by steel crash barriers,vehicle kinetic energy,heavy transport truck,procedure compliance,unknown,physical pedestrian walkways & spotter,none,no consequence / controlled operation,0,Safe operation: physical pedestrian walkways & spotter
REP-SIF-e3479cc6,pair_0325,incident,"During confined space entry on vessel / container / process line, untested confined space entry with acute H2S toxicity risk.",confined space entry,toxic gas / hazardous atmosphere,hydrogen sulfide (h2s),worker exposed to toxic gas / oxygen deficiency,chemical / toxic gas energy,vessel / container / process line,inappropriate positioning / procedure non-compliance,confined space atmosphere,atmospheric testing,atmospheric testing missing or not performed,fatal asphyxiation / acute toxicity poisoning,1,untested confined space entry with acute H2S toxicity risk
REP-SAFE-99454b20,pair_0325,safety_observation,"During confined space entry on vessel / container / process line, atmospheric testing completed & verified was in place. safe atmospheric conditions verified prior to entry.",confined space entry,toxic gas / hazardous atmosphere,hydrogen sulfide (h2s),safe atmospheric conditions verified prior to entry,chemical / toxic gas energy,vessel / container / process line,procedure compliance,confined space atmosphere,atmospheric testing completed & verified,none,no consequence / controlled operation,0,Safe operation: atmospheric testing completed & verified
REP-SIF-30a8d2c3,pair_0326,incident,"During pressurized system maintenance on centrifugal pump, flange opened on pressurized line without zero-pressure verification.",pressurized system maintenance,pressure release,hydrocarbons / flammable gas,worker exposed to hazardous pressure release,pressurized fluid / gas energy,centrifugal pump,inappropriate positioning / procedure non-compliance,unknown,pressure isolation / depressurization,pressure isolation or zero-energy verification not confirmed,severe / fatal pressure release & impact injury,1,flange opened on pressurized line without zero-pressure verification
REP-SAFE-013059c5,pair_0326,near_miss,"During pressurized system maintenance on centrifugal pump, pressure isolation & depressurization verified was in place. zero residual pressure confirmed before opening line.",pressurized system maintenance,pressure release,hydrocarbons / flammable gas,zero residual pressure confirmed before opening line,pressurized fluid / gas energy,centrifugal pump,procedure compliance,unknown,pressure isolation & depressurization verified,none,no consequence / controlled operation,0,Safe operation: pressure isolation & depressurization verified
REP-SIF-596d8005,pair_0327,unsafe_act,"During lifting operation on crane / lifting equipment, workers standing under suspended crane load without barricaded drop zone.",lifting operation,suspended load / struck-by,unknown,worker in line of fire under suspended load,potential kinetic / gravitational energy,crane / lifting equipment,inappropriate positioning / procedure non-compliance,unknown,exclusion zone / barricading,exclusion zone or barricading missing/breached,fatal crush / severe blunt force trauma,1,workers standing under suspended crane load without barricaded drop zone
REP-SAFE-bb450a14,pair_0327,near_miss,"During lifting operation on crane / lifting equipment, barricaded exclusion zone & tag lines used was in place. workers stationed outside drop radius using tag lines.",lifting operation,suspended load / struck-by,unknown,workers stationed outside drop radius using tag lines,potential kinetic / gravitational energy,crane / lifting equipment,procedure compliance,unknown,barricaded exclusion zone & tag lines used,none,no consequence / controlled operation,0,Safe operation: barricaded exclusion zone & tag lines used
REP-SIF-89524a98,pair_0328,incident,"During pressurized system maintenance on centrifugal pump, flange opened on pressurized line without zero-pressure verification.",pressurized system maintenance,pressure release,hydrocarbons / flammable gas,worker exposed to hazardous pressure release,pressurized fluid / gas energy,centrifugal pump,inappropriate positioning / procedure non-compliance,unknown,pressure isolation / depressurization,pressure isolation or zero-energy verification not confirmed,severe / fatal pressure release & impact injury,1,flange opened on pressurized line without zero-pressure verification
REP-SAFE-2c25c22d,pair_0328,near_miss,"During pressurized system maintenance on centrifugal pump, pressure isolation & depressurization verified was in place. zero residual pressure confirmed before opening line.",pressurized system maintenance,pressure release,hydrocarbons / flammable gas,zero residual pressure confirmed before opening line,pressurized fluid / gas energy,centrifugal pump,procedure compliance,unknown,pressure isolation & depressurization verified,none,no consequence / controlled operation,0,Safe operation: pressure isolation & depressurization verified
REP-SIF-430dc9e9,pair_0329,unsafe_act,"During lifting operation on crane / lifting equipment, workers standing under suspended crane load without barricaded drop zone.",lifting operation,suspended load / struck-by,unknown,worker in line of fire under suspended load,potential kinetic / gravitational energy,crane / lifting equipment,inappropriate positioning / procedure non-compliance,unknown,exclusion zone / barricading,exclusion zone or barricading missing/breached,fatal crush / severe blunt force trauma,1,workers standing under suspended crane load without barricaded drop zone
REP-SAFE-6b457786,pair_0329,near_miss,"During lifting operation on crane / lifting equipment, barricaded exclusion zone & tag lines used was in place. workers stationed outside drop radius using tag lines.",lifting operation,suspended load / struck-by,unknown,workers stationed outside drop radius using tag lines,potential kinetic / gravitational energy,crane / lifting equipment,procedure compliance,unknown,barricaded exclusion zone & tag lines used,none,no consequence / controlled operation,0,Safe operation: barricaded exclusion zone & tag lines used
REP-SIF-875e54d2,pair_0330,near_miss,"During vehicle / pedestrian interaction on heavy transport truck, pedestrians allowed to enter un-barricaded vehicle operating zone.",vehicle / pedestrian interaction,vehicle-pedestrian interaction / struck-by,unknown,pedestrian exposed to moving vehicle,vehicle kinetic energy,heavy transport truck,inappropriate positioning / procedure non-compliance,unknown,exclusion zone / barricading,exclusion zone or barricading missing/breached,fatal struck-by / crush injury,1,pedestrians allowed to enter un-barricaded vehicle operating zone
REP-SAFE-badef5ef,pair_0330,safety_observation,"During vehicle / pedestrian interaction on heavy transport truck, physical pedestrian walkways & spotter was in place. designated pedestrian walkways separated by steel crash barriers.",vehicle / pedestrian interaction,vehicle-pedestrian interaction / struck-by,unknown,designated pedestrian walkways separated by steel crash barriers,vehicle kinetic energy,heavy transport truck,procedure compliance,unknown,physical pedestrian walkways & spotter,none,no consequence / controlled operation,0,Safe operation: physical pedestrian walkways & spotter
REP-SIF-56189260,pair_0331,unsafe_act,"During work at height on scaffold / elevated platform / ladder, work at 8m height on elevated platform without harness 100% tie-off.",work at height,fall from height,unknown,worker exposed to unprotected fall hazard,potential kinetic / gravitational energy,scaffold / elevated platform / ladder,inappropriate positioning / procedure non-compliance,elevated work location,fall protection system,fall protection missing or not used,fatal fall from elevation,1,work at 8m height on elevated platform without harness 100% tie-off
REP-SAFE-c129ce34,pair_0331,near_miss,"During work at height on scaffold / elevated platform / ladder, 100% harness tie-off & lifeline system was in place. worker fully secured with dual-leg shock-absorbing lanyards.",work at height,fall from height,unknown,worker fully secured with dual-leg shock-absorbing lanyards,potential kinetic / gravitational energy,scaffold / elevated platform / ladder,procedure compliance,elevated work location,100% harness tie-off & lifeline system,none,no consequence / controlled operation,0,Safe operation: 100% harness tie-off & lifeline system
REP-SIF-d1facb2c,pair_0332,unsafe_act,"During work at height on scaffold / elevated platform / ladder, work at 8m height on elevated platform without harness 100% tie-off.",work at height,fall from height,unknown,worker exposed to unprotected fall hazard,potential kinetic / gravitational energy,scaffold / elevated platform / ladder,inappropriate positioning / procedure non-compliance,elevated work location,fall protection system,fall protection missing or not used,fatal fall from elevation,1,work at 8m height on elevated platform without harness 100% tie-off
REP-SAFE-ccd047ab,pair_0332,safety_observation,"During work at height on scaffold / elevated platform / ladder, 100% harness tie-off & lifeline system was in place. worker fully secured with dual-leg shock-absorbing lanyards.",work at height,fall from height,unknown,worker fully secured with dual-leg shock-absorbing lanyards,potential kinetic / gravitational energy,scaffold / elevated platform / ladder,procedure compliance,elevated work location,100% harness tie-off & lifeline system,none,no consequence / controlled operation,0,Safe operation: 100% harness tie-off & lifeline system
REP-SIF-aaf04d87,pair_0333,near_miss,"During hot work on vessel / container / process line, welding near hydrocarbon lines without required gas test or valid hot work permit.",hot work,fire / explosion / flammable atmosphere,hydrocarbons / flammable gas,worker exposed to flammable vapor ignition,chemical / toxic gas energy,vessel / container / process line,inappropriate positioning / procedure non-compliance,unknown,gas testing,required gas testing missing or not completed,fatal burns / blast trauma,1,welding near hydrocarbon lines without required gas test or valid hot work permit
REP-SAFE-61cad477,pair_0333,safety_observation,"During hot work on vessel / container / process line, continuous LEL monitoring & hot work permit was in place. continuous LEL reading 0.0% verified before torch ignition.",hot work,fire / explosion / flammable atmosphere,hydrocarbons / flammable gas,continuous LEL reading 0.0% verified before torch ignition,chemical / toxic gas energy,vessel / container / process line,procedure compliance,unknown,continuous LEL monitoring & hot work permit,none,no consequence / controlled operation,0,Safe operation: continuous LEL monitoring & hot work permit
REP-SIF-61a4ef6d,pair_0334,near_miss,"During excavation work on excavation / trench, workers entered 2.5m deep un-shored unstable excavation.",excavation work,excavation collapse / cave-in,unknown,worker exposed to excavation collapse,potential kinetic / soil mass energy,excavation / trench,inappropriate positioning / procedure non-compliance,excavation wall instability,excavation protection,shoring / excavation protective system missing,fatal crush / burial,1,workers entered 2.5m deep un-shored unstable excavation
REP-SAFE-8ac709be,pair_0334,near_miss,"During excavation work on excavation / trench, hydraulic shoring boxes & trench shield was in place. trench box installed & soil benching verified.",excavation work,excavation collapse / cave-in,unknown,trench box installed & soil benching verified,potential kinetic / soil mass energy,excavation / trench,procedure compliance,excavation wall instability,hydraulic shoring boxes & trench shield,none,no consequence / controlled operation,0,Safe operation: hydraulic shoring boxes & trench shield
REP-SIF-4abbe9e7,pair_0335,near_miss,"During pressurized system maintenance on centrifugal pump, centrifugal pump maintenance started without LOTO or electrical isolation.",pressurized system maintenance,pressure release / energy isolation,unknown,worker exposed to energized machinery / unverified LOTO,electrical energy,centrifugal pump,inappropriate positioning / procedure non-compliance,unknown,energy isolation (LOTO),"energy isolation bypassed, missing, or not verified",severe / fatal electrical shock or caught-in injury,1,centrifugal pump maintenance started without LOTO or electrical isolation
REP-SAFE-ff717a2b,pair_0335,near_miss,"During pressurized system maintenance on centrifugal pump, energy isolation (LOTO) & breaker locked out was in place. equipment isolated and LOTO verified before maintenance.",pressurized system maintenance,pressure release / energy isolation,unknown,equipment isolated and LOTO verified before maintenance,electrical energy,centrifugal pump,procedure compliance,unknown,energy isolation (LOTO) & breaker locked out,none,no consequence / controlled operation,0,Safe operation: energy isolation (LOTO) & breaker locked out
REP-SIF-1b26d262,pair_0336,incident,"During pressurized system maintenance on centrifugal pump, centrifugal pump maintenance started without LOTO or electrical isolation.",pressurized system maintenance,pressure release / energy isolation,unknown,worker exposed to energized machinery / unverified LOTO,electrical energy,centrifugal pump,inappropriate positioning / procedure non-compliance,unknown,energy isolation (LOTO),"energy isolation bypassed, missing, or not verified",severe / fatal electrical shock or caught-in injury,1,centrifugal pump maintenance started without LOTO or electrical isolation
REP-SAFE-ee62a509,pair_0336,near_miss,"During pressurized system maintenance on centrifugal pump, energy isolation (LOTO) & breaker locked out was in place. equipment isolated and LOTO verified before maintenance.",pressurized system maintenance,pressure release / energy isolation,unknown,equipment isolated and LOTO verified before maintenance,electrical energy,centrifugal pump,procedure compliance,unknown,energy isolation (LOTO) & breaker locked out,none,no consequence / controlled operation,0,Safe operation: energy isolation (LOTO) & breaker locked out
REP-SIF-a695e204,pair_0337,incident,"During lifting operation on crane / lifting equipment, workers standing under suspended crane load without barricaded drop zone.",lifting operation,suspended load / struck-by,unknown,worker in line of fire under suspended load,potential kinetic / gravitational energy,crane / lifting equipment,inappropriate positioning / procedure non-compliance,unknown,exclusion zone / barricading,exclusion zone or barricading missing/breached,fatal crush / severe blunt force trauma,1,workers standing under suspended crane load without barricaded drop zone
REP-SAFE-70ec884e,pair_0337,safety_observation,"During lifting operation on crane / lifting equipment, barricaded exclusion zone & tag lines used was in place. workers stationed outside drop radius using tag lines.",lifting operation,suspended load / struck-by,unknown,workers stationed outside drop radius using tag lines,potential kinetic / gravitational energy,crane / lifting equipment,procedure compliance,unknown,barricaded exclusion zone & tag lines used,none,no consequence / controlled operation,0,Safe operation: barricaded exclusion zone & tag lines used
REP-SIF-1138f162,pair_0338,unsafe_act,"During work at height on scaffold / elevated platform / ladder, work at 8m height on elevated platform without harness 100% tie-off.",work at height,fall from height,unknown,worker exposed to unprotected fall hazard,potential kinetic / gravitational energy,scaffold / elevated platform / ladder,inappropriate positioning / procedure non-compliance,elevated work location,fall protection system,fall protection missing or not used,fatal fall from elevation,1,work at 8m height on elevated platform without harness 100% tie-off
REP-SAFE-baad23f9,pair_0338,near_miss,"During work at height on scaffold / elevated platform / ladder, 100% harness tie-off & lifeline system was in place. worker fully secured with dual-leg shock-absorbing lanyards.",work at height,fall from height,unknown,worker fully secured with dual-leg shock-absorbing lanyards,potential kinetic / gravitational energy,scaffold / elevated platform / ladder,procedure compliance,elevated work location,100% harness tie-off & lifeline system,none,no consequence / controlled operation,0,Safe operation: 100% harness tie-off & lifeline system
REP-SIF-831aa0cf,pair_0339,near_miss,"During confined space entry on vessel / container / process line, untested confined space entry with acute H2S toxicity risk.",confined space entry,toxic gas / hazardous atmosphere,hydrogen sulfide (h2s),worker exposed to toxic gas / oxygen deficiency,chemical / toxic gas energy,vessel / container / process line,inappropriate positioning / procedure non-compliance,confined space atmosphere,atmospheric testing,atmospheric testing missing or not performed,fatal asphyxiation / acute toxicity poisoning,1,untested confined space entry with acute H2S toxicity risk
REP-SAFE-549168df,pair_0339,safety_observation,"During confined space entry on vessel / container / process line, atmospheric testing completed & verified was in place. safe atmospheric conditions verified prior to entry.",confined space entry,toxic gas / hazardous atmosphere,hydrogen sulfide (h2s),safe atmospheric conditions verified prior to entry,chemical / toxic gas energy,vessel / container / process line,procedure compliance,confined space atmosphere,atmospheric testing completed & verified,none,no consequence / controlled operation,0,Safe operation: atmospheric testing completed & verified
REP-SIF-5ea78101,pair_0340,unsafe_act,"During pressurized system maintenance on centrifugal pump, flange opened on pressurized line without zero-pressure verification.",pressurized system maintenance,pressure release,hydrocarbons / flammable gas,worker exposed to hazardous pressure release,pressurized fluid / gas energy,centrifugal pump,inappropriate positioning / procedure non-compliance,unknown,pressure isolation / depressurization,pressure isolation or zero-energy verification not confirmed,severe / fatal pressure release & impact injury,1,flange opened on pressurized line without zero-pressure verification
REP-SAFE-0211eb01,pair_0340,near_miss,"During pressurized system maintenance on centrifugal pump, pressure isolation & depressurization verified was in place. zero residual pressure confirmed before opening line.",pressurized system maintenance,pressure release,hydrocarbons / flammable gas,zero residual pressure confirmed before opening line,pressurized fluid / gas energy,centrifugal pump,procedure compliance,unknown,pressure isolation & depressurization verified,none,no consequence / controlled operation,0,Safe operation: pressure isolation & depressurization verified
REP-SIF-7527166a,pair_0341,incident,"During work at height on scaffold / elevated platform / ladder, work at 8m height on elevated platform without harness 100% tie-off.",work at height,fall from height,unknown,worker exposed to unprotected fall hazard,potential kinetic / gravitational energy,scaffold / elevated platform / ladder,inappropriate positioning / procedure non-compliance,elevated work location,fall protection system,fall protection missing or not used,fatal fall from elevation,1,work at 8m height on elevated platform without harness 100% tie-off
REP-SAFE-20dd835c,pair_0341,safety_observation,"During work at height on scaffold / elevated platform / ladder, 100% harness tie-off & lifeline system was in place. worker fully secured with dual-leg shock-absorbing lanyards.",work at height,fall from height,unknown,worker fully secured with dual-leg shock-absorbing lanyards,potential kinetic / gravitational energy,scaffold / elevated platform / ladder,procedure compliance,elevated work location,100% harness tie-off & lifeline system,none,no consequence / controlled operation,0,Safe operation: 100% harness tie-off & lifeline system
REP-SIF-a61cd0b2,pair_0342,incident,"During work at height on scaffold / elevated platform / ladder, work at 8m height on elevated platform without harness 100% tie-off.",work at height,fall from height,unknown,worker exposed to unprotected fall hazard,potential kinetic / gravitational energy,scaffold / elevated platform / ladder,inappropriate positioning / procedure non-compliance,elevated work location,fall protection system,fall protection missing or not used,fatal fall from elevation,1,work at 8m height on elevated platform without harness 100% tie-off
REP-SAFE-c700a909,pair_0342,near_miss,"During work at height on scaffold / elevated platform / ladder, 100% harness tie-off & lifeline system was in place. worker fully secured with dual-leg shock-absorbing lanyards.",work at height,fall from height,unknown,worker fully secured with dual-leg shock-absorbing lanyards,potential kinetic / gravitational energy,scaffold / elevated platform / ladder,procedure compliance,elevated work location,100% harness tie-off & lifeline system,none,no consequence / controlled operation,0,Safe operation: 100% harness tie-off & lifeline system
REP-SIF-30cb10de,pair_0343,incident,"During excavation work on excavation / trench, workers entered 2.5m deep un-shored unstable excavation.",excavation work,excavation collapse / cave-in,unknown,worker exposed to excavation collapse,potential kinetic / soil mass energy,excavation / trench,inappropriate positioning / procedure non-compliance,excavation wall instability,excavation protection,shoring / excavation protective system missing,fatal crush / burial,1,workers entered 2.5m deep un-shored unstable excavation
REP-SAFE-759cfc7a,pair_0343,safety_observation,"During excavation work on excavation / trench, hydraulic shoring boxes & trench shield was in place. trench box installed & soil benching verified.",excavation work,excavation collapse / cave-in,unknown,trench box installed & soil benching verified,potential kinetic / soil mass energy,excavation / trench,procedure compliance,excavation wall instability,hydraulic shoring boxes & trench shield,none,no consequence / controlled operation,0,Safe operation: hydraulic shoring boxes & trench shield
REP-SIF-c3f4b859,pair_0344,incident,"During excavation work on excavation / trench, workers entered 2.5m deep un-shored unstable excavation.",excavation work,excavation collapse / cave-in,unknown,worker exposed to excavation collapse,potential kinetic / soil mass energy,excavation / trench,inappropriate positioning / procedure non-compliance,excavation wall instability,excavation protection,shoring / excavation protective system missing,fatal crush / burial,1,workers entered 2.5m deep un-shored unstable excavation
REP-SAFE-934eef25,pair_0344,safety_observation,"During excavation work on excavation / trench, hydraulic shoring boxes & trench shield was in place. trench box installed & soil benching verified.",excavation work,excavation collapse / cave-in,unknown,trench box installed & soil benching verified,potential kinetic / soil mass energy,excavation / trench,procedure compliance,excavation wall instability,hydraulic shoring boxes & trench shield,none,no consequence / controlled operation,0,Safe operation: hydraulic shoring boxes & trench shield
REP-SIF-c2c14118,pair_0345,incident,"During pressurized system maintenance on centrifugal pump, flange opened on pressurized line without zero-pressure verification.",pressurized system maintenance,pressure release,hydrocarbons / flammable gas,worker exposed to hazardous pressure release,pressurized fluid / gas energy,centrifugal pump,inappropriate positioning / procedure non-compliance,unknown,pressure isolation / depressurization,pressure isolation or zero-energy verification not confirmed,severe / fatal pressure release & impact injury,1,flange opened on pressurized line without zero-pressure verification
REP-SAFE-eccf0b92,pair_0345,near_miss,"During pressurized system maintenance on centrifugal pump, pressure isolation & depressurization verified was in place. zero residual pressure confirmed before opening line.",pressurized system maintenance,pressure release,hydrocarbons / flammable gas,zero residual pressure confirmed before opening line,pressurized fluid / gas energy,centrifugal pump,procedure compliance,unknown,pressure isolation & depressurization verified,none,no consequence / controlled operation,0,Safe operation: pressure isolation & depressurization verified
REP-SIF-68da9744,pair_0346,unsafe_act,"During machinery operation / grinding on grinding machinery, grinding machine operated with guard removed.",machinery operation / grinding,rotating machinery / caught-in,unknown,worker exposed to unguarded rotating machinery,electrical energy,grinding machinery,inappropriate positioning / procedure non-compliance,unknown,machine guarding,"machine guard removed, missing, or bypassed",severe / fatal caught-in or struck-by injury,1,grinding machine operated with guard removed
REP-SAFE-f64c6496,pair_0346,near_miss,"During machinery operation / grinding on grinding machinery, factory guard installed & inspect before use was in place. interlocked guard fully functional during grinding operation.",machinery operation / grinding,rotating machinery / caught-in,unknown,interlocked guard fully functional during grinding operation,electrical energy,grinding machinery,procedure compliance,unknown,factory guard installed & inspect before use,none,no consequence / controlled operation,0,Safe operation: factory guard installed & inspect before use
REP-SIF-3db19804,pair_0347,incident,"During machinery operation / grinding on grinding machinery, grinding machine operated with guard removed.",machinery operation / grinding,rotating machinery / caught-in,unknown,worker exposed to unguarded rotating machinery,electrical energy,grinding machinery,inappropriate positioning / procedure non-compliance,unknown,machine guarding,"machine guard removed, missing, or bypassed",severe / fatal caught-in or struck-by injury,1,grinding machine operated with guard removed
REP-SAFE-0efb8cf5,pair_0347,near_miss,"During machinery operation / grinding on grinding machinery, factory guard installed & inspect before use was in place. interlocked guard fully functional during grinding operation.",machinery operation / grinding,rotating machinery / caught-in,unknown,interlocked guard fully functional during grinding operation,electrical energy,grinding machinery,procedure compliance,unknown,factory guard installed & inspect before use,none,no consequence / controlled operation,0,Safe operation: factory guard installed & inspect before use
REP-SIF-9bafd0ee,pair_0348,incident,"During work at height on scaffold / elevated platform / ladder, work at 8m height on elevated platform without harness 100% tie-off.",work at height,fall from height,unknown,worker exposed to unprotected fall hazard,potential kinetic / gravitational energy,scaffold / elevated platform / ladder,inappropriate positioning / procedure non-compliance,elevated work location,fall protection system,fall protection missing or not used,fatal fall from elevation,1,work at 8m height on elevated platform without harness 100% tie-off
REP-SAFE-aed74345,pair_0348,near_miss,"During work at height on scaffold / elevated platform / ladder, 100% harness tie-off & lifeline system was in place. worker fully secured with dual-leg shock-absorbing lanyards.",work at height,fall from height,unknown,worker fully secured with dual-leg shock-absorbing lanyards,potential kinetic / gravitational energy,scaffold / elevated platform / ladder,procedure compliance,elevated work location,100% harness tie-off & lifeline system,none,no consequence / controlled operation,0,Safe operation: 100% harness tie-off & lifeline system
REP-SIF-467d4e22,pair_0349,near_miss,"During pressurized system maintenance on centrifugal pump, flange opened on pressurized line without zero-pressure verification.",pressurized system maintenance,pressure release,hydrocarbons / flammable gas,worker exposed to hazardous pressure release,pressurized fluid / gas energy,centrifugal pump,inappropriate positioning / procedure non-compliance,unknown,pressure isolation / depressurization,pressure isolation or zero-energy verification not confirmed,severe / fatal pressure release & impact injury,1,flange opened on pressurized line without zero-pressure verification
REP-SAFE-6e39cbde,pair_0349,near_miss,"During pressurized system maintenance on centrifugal pump, pressure isolation & depressurization verified was in place. zero residual pressure confirmed before opening line.",pressurized system maintenance,pressure release,hydrocarbons / flammable gas,zero residual pressure confirmed before opening line,pressurized fluid / gas energy,centrifugal pump,procedure compliance,unknown,pressure isolation & depressurization verified,none,no consequence / controlled operation,0,Safe operation: pressure isolation & depressurization verified
REP-SIF-761b70c1,pair_0350,unsafe_act,"During lifting operation on crane / lifting equipment, workers standing under suspended crane load without barricaded drop zone.",lifting operation,suspended load / struck-by,unknown,worker in line of fire under suspended load,potential kinetic / gravitational energy,crane / lifting equipment,inappropriate positioning / procedure non-compliance,unknown,exclusion zone / barricading,exclusion zone or barricading missing/breached,fatal crush / severe blunt force trauma,1,workers standing under suspended crane load without barricaded drop zone
REP-SAFE-89aa8e6c,pair_0350,near_miss,"During lifting operation on crane / lifting equipment, barricaded exclusion zone & tag lines used was in place. workers stationed outside drop radius using tag lines.",lifting operation,suspended load / struck-by,unknown,workers stationed outside drop radius using tag lines,potential kinetic / gravitational energy,crane / lifting equipment,procedure compliance,unknown,barricaded exclusion zone & tag lines used,none,no consequence / controlled operation,0,Safe operation: barricaded exclusion zone & tag lines used
REP-SIF-3c918547,pair_0351,near_miss,"During machinery operation / grinding on grinding machinery, grinding machine operated with guard removed.",machinery operation / grinding,rotating machinery / caught-in,unknown,worker exposed to unguarded rotating machinery,electrical energy,grinding machinery,inappropriate positioning / procedure non-compliance,unknown,machine guarding,"machine guard removed, missing, or bypassed",severe / fatal caught-in or struck-by injury,1,grinding machine operated with guard removed
REP-SAFE-17175875,pair_0351,near_miss,"During machinery operation / grinding on grinding machinery, factory guard installed & inspect before use was in place. interlocked guard fully functional during grinding operation.",machinery operation / grinding,rotating machinery / caught-in,unknown,interlocked guard fully functional during grinding operation,electrical energy,grinding machinery,procedure compliance,unknown,factory guard installed & inspect before use,none,no consequence / controlled operation,0,Safe operation: factory guard installed & inspect before use
REP-SIF-b8464403,pair_0352,near_miss,"During machinery operation / grinding on grinding machinery, grinding machine operated with guard removed.",machinery operation / grinding,rotating machinery / caught-in,unknown,worker exposed to unguarded rotating machinery,electrical energy,grinding machinery,inappropriate positioning / procedure non-compliance,unknown,machine guarding,"machine guard removed, missing, or bypassed",severe / fatal caught-in or struck-by injury,1,grinding machine operated with guard removed
REP-SAFE-577ab526,pair_0352,safety_observation,"During machinery operation / grinding on grinding machinery, factory guard installed & inspect before use was in place. interlocked guard fully functional during grinding operation.",machinery operation / grinding,rotating machinery / caught-in,unknown,interlocked guard fully functional during grinding operation,electrical energy,grinding machinery,procedure compliance,unknown,factory guard installed & inspect before use,none,no consequence / controlled operation,0,Safe operation: factory guard installed & inspect before use
REP-SIF-5fc7f8ee,pair_0353,incident,"During excavation work on excavation / trench, workers entered 2.5m deep un-shored unstable excavation.",excavation work,excavation collapse / cave-in,unknown,worker exposed to excavation collapse,potential kinetic / soil mass energy,excavation / trench,inappropriate positioning / procedure non-compliance,excavation wall instability,excavation protection,shoring / excavation protective system missing,fatal crush / burial,1,workers entered 2.5m deep un-shored unstable excavation
REP-SAFE-e44942b4,pair_0353,safety_observation,"During excavation work on excavation / trench, hydraulic shoring boxes & trench shield was in place. trench box installed & soil benching verified.",excavation work,excavation collapse / cave-in,unknown,trench box installed & soil benching verified,potential kinetic / soil mass energy,excavation / trench,procedure compliance,excavation wall instability,hydraulic shoring boxes & trench shield,none,no consequence / controlled operation,0,Safe operation: hydraulic shoring boxes & trench shield
REP-SIF-c8f3f47e,pair_0354,near_miss,"During lifting operation on crane / lifting equipment, workers standing under suspended crane load without barricaded drop zone.",lifting operation,suspended load / struck-by,unknown,worker in line of fire under suspended load,potential kinetic / gravitational energy,crane / lifting equipment,inappropriate positioning / procedure non-compliance,unknown,exclusion zone / barricading,exclusion zone or barricading missing/breached,fatal crush / severe blunt force trauma,1,workers standing under suspended crane load without barricaded drop zone
REP-SAFE-011a13ad,pair_0354,safety_observation,"During lifting operation on crane / lifting equipment, barricaded exclusion zone & tag lines used was in place. workers stationed outside drop radius using tag lines.",lifting operation,suspended load / struck-by,unknown,workers stationed outside drop radius using tag lines,potential kinetic / gravitational energy,crane / lifting equipment,procedure compliance,unknown,barricaded exclusion zone & tag lines used,none,no consequence / controlled operation,0,Safe operation: barricaded exclusion zone & tag lines used
REP-SIF-822fd87a,pair_0355,unsafe_act,"During machinery operation / grinding on grinding machinery, grinding machine operated with guard removed.",machinery operation / grinding,rotating machinery / caught-in,unknown,worker exposed to unguarded rotating machinery,electrical energy,grinding machinery,inappropriate positioning / procedure non-compliance,unknown,machine guarding,"machine guard removed, missing, or bypassed",severe / fatal caught-in or struck-by injury,1,grinding machine operated with guard removed
REP-SAFE-50407c13,pair_0355,safety_observation,"During machinery operation / grinding on grinding machinery, factory guard installed & inspect before use was in place. interlocked guard fully functional during grinding operation.",machinery operation / grinding,rotating machinery / caught-in,unknown,interlocked guard fully functional during grinding operation,electrical energy,grinding machinery,procedure compliance,unknown,factory guard installed & inspect before use,none,no consequence / controlled operation,0,Safe operation: factory guard installed & inspect before use
REP-SIF-7458ccf7,pair_0356,unsafe_act,"During pressurized system maintenance on centrifugal pump, flange opened on pressurized line without zero-pressure verification.",pressurized system maintenance,pressure release,hydrocarbons / flammable gas,worker exposed to hazardous pressure release,pressurized fluid / gas energy,centrifugal pump,inappropriate positioning / procedure non-compliance,unknown,pressure isolation / depressurization,pressure isolation or zero-energy verification not confirmed,severe / fatal pressure release & impact injury,1,flange opened on pressurized line without zero-pressure verification
REP-SAFE-753b1532,pair_0356,safety_observation,"During pressurized system maintenance on centrifugal pump, pressure isolation & depressurization verified was in place. zero residual pressure confirmed before opening line.",pressurized system maintenance,pressure release,hydrocarbons / flammable gas,zero residual pressure confirmed before opening line,pressurized fluid / gas energy,centrifugal pump,procedure compliance,unknown,pressure isolation & depressurization verified,none,no consequence / controlled operation,0,Safe operation: pressure isolation & depressurization verified
REP-SIF-5a10c123,pair_0357,incident,"During machinery operation / grinding on grinding machinery, grinding machine operated with guard removed.",machinery operation / grinding,rotating machinery / caught-in,unknown,worker exposed to unguarded rotating machinery,electrical energy,grinding machinery,inappropriate positioning / procedure non-compliance,unknown,machine guarding,"machine guard removed, missing, or bypassed",severe / fatal caught-in or struck-by injury,1,grinding machine operated with guard removed
REP-SAFE-fe7629b1,pair_0357,safety_observation,"During machinery operation / grinding on grinding machinery, factory guard installed & inspect before use was in place. interlocked guard fully functional during grinding operation.",machinery operation / grinding,rotating machinery / caught-in,unknown,interlocked guard fully functional during grinding operation,electrical energy,grinding machinery,procedure compliance,unknown,factory guard installed & inspect before use,none,no consequence / controlled operation,0,Safe operation: factory guard installed & inspect before use
REP-SIF-8a5e5d98,pair_0358,unsafe_act,"During lifting operation on crane / lifting equipment, workers standing under suspended crane load without barricaded drop zone.",lifting operation,suspended load / struck-by,unknown,worker in line of fire under suspended load,potential kinetic / gravitational energy,crane / lifting equipment,inappropriate positioning / procedure non-compliance,unknown,exclusion zone / barricading,exclusion zone or barricading missing/breached,fatal crush / severe blunt force trauma,1,workers standing under suspended crane load without barricaded drop zone
REP-SAFE-95d1a7f7,pair_0358,safety_observation,"During lifting operation on crane / lifting equipment, barricaded exclusion zone & tag lines used was in place. workers stationed outside drop radius using tag lines.",lifting operation,suspended load / struck-by,unknown,workers stationed outside drop radius using tag lines,potential kinetic / gravitational energy,crane / lifting equipment,procedure compliance,unknown,barricaded exclusion zone & tag lines used,none,no consequence / controlled operation,0,Safe operation: barricaded exclusion zone & tag lines used
REP-SIF-10826f46,pair_0359,incident,"During pressurized system maintenance on centrifugal pump, flange opened on pressurized line without zero-pressure verification.",pressurized system maintenance,pressure release,hydrocarbons / flammable gas,worker exposed to hazardous pressure release,pressurized fluid / gas energy,centrifugal pump,inappropriate positioning / procedure non-compliance,unknown,pressure isolation / depressurization,pressure isolation or zero-energy verification not confirmed,severe / fatal pressure release & impact injury,1,flange opened on pressurized line without zero-pressure verification
REP-SAFE-14e5bfbc,pair_0359,near_miss,"During pressurized system maintenance on centrifugal pump, pressure isolation & depressurization verified was in place. zero residual pressure confirmed before opening line.",pressurized system maintenance,pressure release,hydrocarbons / flammable gas,zero residual pressure confirmed before opening line,pressurized fluid / gas energy,centrifugal pump,procedure compliance,unknown,pressure isolation & depressurization verified,none,no consequence / controlled operation,0,Safe operation: pressure isolation & depressurization verified
REP-SIF-b8f0b188,pair_0360,near_miss,"During hot work on vessel / container / process line, welding near hydrocarbon lines without required gas test or valid hot work permit.",hot work,fire / explosion / flammable atmosphere,hydrocarbons / flammable gas,worker exposed to flammable vapor ignition,chemical / toxic gas energy,vessel / container / process line,inappropriate positioning / procedure non-compliance,unknown,gas testing,required gas testing missing or not completed,fatal burns / blast trauma,1,welding near hydrocarbon lines without required gas test or valid hot work permit
REP-SAFE-b8d48a46,pair_0360,safety_observation,"During hot work on vessel / container / process line, continuous LEL monitoring & hot work permit was in place. continuous LEL reading 0.0% verified before torch ignition.",hot work,fire / explosion / flammable atmosphere,hydrocarbons / flammable gas,continuous LEL reading 0.0% verified before torch ignition,chemical / toxic gas energy,vessel / container / process line,procedure compliance,unknown,continuous LEL monitoring & hot work permit,none,no consequence / controlled operation,0,Safe operation: continuous LEL monitoring & hot work permit
REP-SIF-481289d7,pair_0361,unsafe_act,"During confined space entry on vessel / container / process line, untested confined space entry with acute H2S toxicity risk.",confined space entry,toxic gas / hazardous atmosphere,hydrogen sulfide (h2s),worker exposed to toxic gas / oxygen deficiency,chemical / toxic gas energy,vessel / container / process line,inappropriate positioning / procedure non-compliance,confined space atmosphere,atmospheric testing,atmospheric testing missing or not performed,fatal asphyxiation / acute toxicity poisoning,1,untested confined space entry with acute H2S toxicity risk
REP-SAFE-3b3e9635,pair_0361,near_miss,"During confined space entry on vessel / container / process line, atmospheric testing completed & verified was in place. safe atmospheric conditions verified prior to entry.",confined space entry,toxic gas / hazardous atmosphere,hydrogen sulfide (h2s),safe atmospheric conditions verified prior to entry,chemical / toxic gas energy,vessel / container / process line,procedure compliance,confined space atmosphere,atmospheric testing completed & verified,none,no consequence / controlled operation,0,Safe operation: atmospheric testing completed & verified
REP-SIF-2ca0a131,pair_0364,unsafe_act,"During machinery operation / grinding on grinding machinery, grinding machine operated with guard removed.",machinery operation / grinding,rotating machinery / caught-in,unknown,worker exposed to unguarded rotating machinery,electrical energy,grinding machinery,inappropriate positioning / procedure non-compliance,unknown,machine guarding,"machine guard removed, missing, or bypassed",severe / fatal caught-in or struck-by injury,1,grinding machine operated with guard removed
REP-SIF-fd6b1495,pair_0374,unsafe_act,"During work at height on scaffold / elevated platform / ladder, work at 8m height on elevated platform without harness 100% tie-off.",work at height,fall from height,unknown,worker exposed to unprotected fall hazard,potential kinetic / gravitational energy,scaffold / elevated platform / ladder,inappropriate positioning / procedure non-compliance,elevated work location,fall protection system,fall protection missing or not used,fatal fall from elevation,1,work at 8m height on elevated platform without harness 100% tie-off
REP-SIF-ca7e655a,pair_0377,near_miss,"During pressurized system maintenance on centrifugal pump, centrifugal pump maintenance started without LOTO or electrical isolation.",pressurized system maintenance,pressure release / energy isolation,unknown,worker exposed to energized machinery / unverified LOTO,electrical energy,centrifugal pump,inappropriate positioning / procedure non-compliance,unknown,energy isolation (LOTO),"energy isolation bypassed, missing, or not verified",severe / fatal electrical shock or caught-in injury,1,centrifugal pump maintenance started without LOTO or electrical isolation
REP-SAFE-16b5c6c8,pair_0377,near_miss,"During pressurized system maintenance on centrifugal pump, energy isolation (LOTO) & breaker locked out was in place. equipment isolated and LOTO verified before maintenance.",pressurized system maintenance,pressure release / energy isolation,unknown,equipment isolated and LOTO verified before maintenance,electrical energy,centrifugal pump,procedure compliance,unknown,energy isolation (LOTO) & breaker locked out,none,no consequence / controlled operation,0,Safe operation: energy isolation (LOTO) & breaker locked out
REP-SIF-b71ea1f6,pair_0379,unsafe_act,"During work at height on scaffold / elevated platform / ladder, work at 8m height on elevated platform without harness 100% tie-off.",work at height,fall from height,unknown,worker exposed to unprotected fall hazard,potential kinetic / gravitational energy,scaffold / elevated platform / ladder,inappropriate positioning / procedure non-compliance,elevated work location,fall protection system,fall protection missing or not used,fatal fall from elevation,1,work at 8m height on elevated platform without harness 100% tie-off
REP-SIF-7e6e2d40,pair_0384,near_miss,"During machinery operation / grinding on grinding machinery, grinding machine operated with guard removed.",machinery operation / grinding,rotating machinery / caught-in,unknown,worker exposed to unguarded rotating machinery,electrical energy,grinding machinery,inappropriate positioning / procedure non-compliance,unknown,machine guarding,"machine guard removed, missing, or bypassed",severe / fatal caught-in or struck-by injury,1,grinding machine operated with guard removed
REP-SIF-1ceb4619,pair_0385,incident,"During work at height on scaffold / elevated platform / ladder, work at 8m height on elevated platform without harness 100% tie-off.",work at height,fall from height,unknown,worker exposed to unprotected fall hazard,potential kinetic / gravitational energy,scaffold / elevated platform / ladder,inappropriate positioning / procedure non-compliance,elevated work location,fall protection system,fall protection missing or not used,fatal fall from elevation,1,work at 8m height on elevated platform without harness 100% tie-off
REP-SIF-1d9edc6b,pair_0386,incident,"During work at height on scaffold / elevated platform / ladder, work at 8m height on elevated platform without harness 100% tie-off.",work at height,fall from height,unknown,worker exposed to unprotected fall hazard,potential kinetic / gravitational energy,scaffold / elevated platform / ladder,inappropriate positioning / procedure non-compliance,elevated work location,fall protection system,fall protection missing or not used,fatal fall from elevation,1,work at 8m height on elevated platform without harness 100% tie-off
REP-SIF-d4757df8,pair_0388,incident,"During pressurized system maintenance on centrifugal pump, centrifugal pump maintenance started without LOTO or electrical isolation.",pressurized system maintenance,pressure release / energy isolation,unknown,worker exposed to energized machinery / unverified LOTO,electrical energy,centrifugal pump,inappropriate positioning / procedure non-compliance,unknown,energy isolation (LOTO),"energy isolation bypassed, missing, or not verified",severe / fatal electrical shock or caught-in injury,1,centrifugal pump maintenance started without LOTO or electrical isolation
REP-SIF-1819a9b1,pair_0389,near_miss,"During work at height on scaffold / elevated platform / ladder, work at 8m height on elevated platform without harness 100% tie-off.",work at height,fall from height,unknown,worker exposed to unprotected fall hazard,potential kinetic / gravitational energy,scaffold / elevated platform / ladder,inappropriate positioning / procedure non-compliance,elevated work location,fall protection system,fall protection missing or not used,fatal fall from elevation,1,work at 8m height on elevated platform without harness 100% tie-off
REP-SIF-206ba682,pair_0391,near_miss,"During pressurized system maintenance on centrifugal pump, centrifugal pump maintenance started without LOTO or electrical isolation.",pressurized system maintenance,pressure release / energy isolation,unknown,worker exposed to energized machinery / unverified LOTO,electrical energy,centrifugal pump,inappropriate positioning / procedure non-compliance,unknown,energy isolation (LOTO),"energy isolation bypassed, missing, or not verified",severe / fatal electrical shock or caught-in injury,1,centrifugal pump maintenance started without LOTO or electrical isolation
REP-SIF-348b6152,pair_0392,near_miss,"During work at height on scaffold / elevated platform / ladder, work at 8m height on elevated platform without harness 100% tie-off.",work at height,fall from height,unknown,worker exposed to unprotected fall hazard,potential kinetic / gravitational energy,scaffold / elevated platform / ladder,inappropriate positioning / procedure non-compliance,elevated work location,fall protection system,fall protection missing or not used,fatal fall from elevation,1,work at 8m height on elevated platform without harness 100% tie-off
REP-SIF-975db60f,pair_0394,near_miss,"During work at height on scaffold / elevated platform / ladder, work at 8m height on elevated platform without harness 100% tie-off.",work at height,fall from height,unknown,worker exposed to unprotected fall hazard,potential kinetic / gravitational energy,scaffold / elevated platform / ladder,inappropriate positioning / procedure non-compliance,elevated work location,fall protection system,fall protection missing or not used,fatal fall from elevation,1,work at 8m height on elevated platform without harness 100% tie-off
REP-SIF-ae6e366b,pair_0396,near_miss,"During machinery operation / grinding on grinding machinery, grinding machine operated with guard removed.",machinery operation / grinding,rotating machinery / caught-in,unknown,worker exposed to unguarded rotating machinery,electrical energy,grinding machinery,inappropriate positioning / procedure non-compliance,unknown,machine guarding,"machine guard removed, missing, or bypassed",severe / fatal caught-in or struck-by injury,1,grinding machine operated with guard removed
REP-SIF-dd086242,pair_0401,near_miss,"During pressurized system maintenance on centrifugal pump, centrifugal pump maintenance started without LOTO or electrical isolation.",pressurized system maintenance,pressure release / energy isolation,unknown,worker exposed to energized machinery / unverified LOTO,electrical energy,centrifugal pump,inappropriate positioning / procedure non-compliance,unknown,energy isolation (LOTO),"energy isolation bypassed, missing, or not verified",severe / fatal electrical shock or caught-in injury,1,centrifugal pump maintenance started without LOTO or electrical isolation
REP-SIF-f2fb5849,pair_0402,near_miss,"During pressurized system maintenance on centrifugal pump, centrifugal pump maintenance started without LOTO or electrical isolation.",pressurized system maintenance,pressure release / energy isolation,unknown,worker exposed to energized machinery / unverified LOTO,electrical energy,centrifugal pump,inappropriate positioning / procedure non-compliance,unknown,energy isolation (LOTO),"energy isolation bypassed, missing, or not verified",severe / fatal electrical shock or caught-in injury,1,centrifugal pump maintenance started without LOTO or electrical isolation
REP-SIF-2c26cdbf,pair_0407,unsafe_act,"During pressurized system maintenance on centrifugal pump, centrifugal pump maintenance started without LOTO or electrical isolation.",pressurized system maintenance,pressure release / energy isolation,unknown,worker exposed to energized machinery / unverified LOTO,electrical energy,centrifugal pump,inappropriate positioning / procedure non-compliance,unknown,energy isolation (LOTO),"energy isolation bypassed, missing, or not verified",severe / fatal electrical shock or caught-in injury,1,centrifugal pump maintenance started without LOTO or electrical isolation
REP-SIF-a3a209fc,pair_0409,incident,"During pressurized system maintenance on centrifugal pump, centrifugal pump maintenance started without LOTO or electrical isolation.",pressurized system maintenance,pressure release / energy isolation,unknown,worker exposed to energized machinery / unverified LOTO,electrical energy,centrifugal pump,inappropriate positioning / procedure non-compliance,unknown,energy isolation (LOTO),"energy isolation bypassed, missing, or not verified",severe / fatal electrical shock or caught-in injury,1,centrifugal pump maintenance started without LOTO or electrical isolation
REP-SIF-fdbec9e7,pair_0414,unsafe_act,"During machinery operation / grinding on grinding machinery, grinding machine operated with guard removed.",machinery operation / grinding,rotating machinery / caught-in,unknown,worker exposed to unguarded rotating machinery,electrical energy,grinding machinery,inappropriate positioning / procedure non-compliance,unknown,machine guarding,"machine guard removed, missing, or bypassed",severe / fatal caught-in or struck-by injury,1,grinding machine operated with guard removed
REP-SIF-33ba78b0,pair_0423,incident,"During machinery operation / grinding on grinding machinery, grinding machine operated with guard removed.",machinery operation / grinding,rotating machinery / caught-in,unknown,worker exposed to unguarded rotating machinery,electrical energy,grinding machinery,inappropriate positioning / procedure non-compliance,unknown,machine guarding,"machine guard removed, missing, or bypassed",severe / fatal caught-in or struck-by injury,1,grinding machine operated with guard removed
REP-SIF-31f2b955,pair_0431,unsafe_act,"During machinery operation / grinding on grinding machinery, grinding machine operated with guard removed.",machinery operation / grinding,rotating machinery / caught-in,unknown,worker exposed to unguarded rotating machinery,electrical energy,grinding machinery,inappropriate positioning / procedure non-compliance,unknown,machine guarding,"machine guard removed, missing, or bypassed",severe / fatal caught-in or struck-by injury,1,grinding machine operated with guard removed
REP-SIF-4c1aa284,pair_0436,unsafe_act,"During machinery operation / grinding on grinding machinery, grinding machine operated with guard removed.",machinery operation / grinding,rotating machinery / caught-in,unknown,worker exposed to unguarded rotating machinery,electrical energy,grinding machinery,inappropriate positioning / procedure non-compliance,unknown,machine guarding,"machine guard removed, missing, or bypassed",severe / fatal caught-in or struck-by injury,1,grinding machine operated with guard removed
REP-SIF-e77ebadf,pair_0438,near_miss,"During machinery operation / grinding on grinding machinery, grinding machine operated with guard removed.",machinery operation / grinding,rotating machinery / caught-in,unknown,worker exposed to unguarded rotating machinery,electrical energy,grinding machinery,inappropriate positioning / procedure non-compliance,unknown,machine guarding,"machine guard removed, missing, or bypassed",severe / fatal caught-in or struck-by injury,1,grinding machine operated with guard removed
REP-SIF-6b497589,pair_0455,near_miss,"During pressurized system maintenance on centrifugal pump, centrifugal pump maintenance started without LOTO or electrical isolation.",pressurized system maintenance,pressure release / energy isolation,unknown,worker exposed to energized machinery / unverified LOTO,electrical energy,centrifugal pump,inappropriate positioning / procedure non-compliance,unknown,energy isolation (LOTO),"energy isolation bypassed, missing, or not verified",severe / fatal electrical shock or caught-in injury,1,centrifugal pump maintenance started without LOTO or electrical isolation
REP-SIF-810d81a6,pair_0456,near_miss,"During pressurized system maintenance on centrifugal pump, centrifugal pump maintenance started without LOTO or electrical isolation.",pressurized system maintenance,pressure release / energy isolation,unknown,worker exposed to energized machinery / unverified LOTO,electrical energy,centrifugal pump,inappropriate positioning / procedure non-compliance,unknown,energy isolation (LOTO),"energy isolation bypassed, missing, or not verified",severe / fatal electrical shock or caught-in injury,1,centrifugal pump maintenance started without LOTO or electrical isolation
REP-SIF-55f39925,pair_0468,incident,"During pressurized system maintenance on centrifugal pump, centrifugal pump maintenance started without LOTO or electrical isolation.",pressurized system maintenance,pressure release / energy isolation,unknown,worker exposed to energized machinery / unverified LOTO,electrical energy,centrifugal pump,inappropriate positioning / procedure non-compliance,unknown,energy isolation (LOTO),"energy isolation bypassed, missing, or not verified",severe / fatal electrical shock or caught-in injury,1,centrifugal pump maintenance started without LOTO or electrical isolation
REP-SIF-f869d470,pair_0489,near_miss,"During pressurized system maintenance on centrifugal pump, centrifugal pump maintenance started without LOTO or electrical isolation.",pressurized system maintenance,pressure release / energy isolation,unknown,worker exposed to energized machinery / unverified LOTO,electrical energy,centrifugal pump,inappropriate positioning / procedure non-compliance,unknown,energy isolation (LOTO),"energy isolation bypassed, missing, or not verified",severe / fatal electrical shock or caught-in injury,1,centrifugal pump maintenance started without LOTO or electrical isolation
REP-SIF-8bf7fb1a,pair_0498,near_miss,"During pressurized system maintenance on centrifugal pump, centrifugal pump maintenance started without LOTO or electrical isolation.",pressurized system maintenance,pressure release / energy isolation,unknown,worker exposed to energized machinery / unverified LOTO,electrical energy,centrifugal pump,inappropriate positioning / procedure non-compliance,unknown,energy isolation (LOTO),"energy isolation bypassed, missing, or not verified",severe / fatal electrical shock or caught-in injury,1,centrifugal pump maintenance started without LOTO or electrical isolation
